CREATE DATABASE  IF NOT EXISTS `use` /*!40100 DEFAULT CHARACTER SET utf8mb4 COLLATE utf8mb4_0900_ai_ci */ /*!80016 DEFAULT ENCRYPTION='N' */;
USE `use`;
-- MySQL dump 10.13  Distrib 8.0.38, for macos14 (x86_64)
--
-- Host: localhost    Database: use
-- ------------------------------------------------------
-- Server version	8.2.0

/*!40101 SET @OLD_CHARACTER_SET_CLIENT=@@CHARACTER_SET_CLIENT */;
/*!40101 SET @OLD_CHARACTER_SET_RESULTS=@@CHARACTER_SET_RESULTS */;
/*!40101 SET @OLD_COLLATION_CONNECTION=@@COLLATION_CONNECTION */;
/*!50503 SET NAMES utf8 */;
/*!40103 SET @OLD_TIME_ZONE=@@TIME_ZONE */;
/*!40103 SET TIME_ZONE='+00:00' */;
/*!40014 SET @OLD_UNIQUE_CHECKS=@@UNIQUE_CHECKS, UNIQUE_CHECKS=0 */;
/*!40014 SET @OLD_FOREIGN_KEY_CHECKS=@@FOREIGN_KEY_CHECKS, FOREIGN_KEY_CHECKS=0 */;
/*!40101 SET @OLD_SQL_MODE=@@SQL_MODE, SQL_MODE='NO_AUTO_VALUE_ON_ZERO' */;
/*!40111 SET @OLD_SQL_NOTES=@@SQL_NOTES, SQL_NOTES=0 */;

--
-- Table structure for table `departments`
--

DROP TABLE IF EXISTS `departments`;
/*!40101 SET @saved_cs_client     = @@character_set_client */;
/*!50503 SET character_set_client = utf8mb4 */;
CREATE TABLE `departments` (
  `id` int NOT NULL AUTO_INCREMENT,
  `name` varchar(255) COLLATE utf8mb4_general_ci NOT NULL,
  `faculty_id` int DEFAULT NULL,
  `institution_id` int NOT NULL,
  `facultyName` varchar(2500) COLLATE utf8mb4_general_ci NOT NULL,
  PRIMARY KEY (`id`),
  KEY `faculty_id` (`faculty_id`),
  KEY `fk_customer` (`institution_id`),
  CONSTRAINT `departments_ibfk_1` FOREIGN KEY (`faculty_id`) REFERENCES `faculties` (`id`),
  CONSTRAINT `fk_customer` FOREIGN KEY (`institution_id`) REFERENCES `institutions` (`id`)
) ENGINE=InnoDB AUTO_INCREMENT=1257 DEFAULT CHARSET=utf8mb4 COLLATE=utf8mb4_general_ci;
/*!40101 SET character_set_client = @saved_cs_client */;

--
-- Dumping data for table `departments`
--

LOCK TABLES `departments` WRITE;
/*!40000 ALTER TABLE `departments` DISABLE KEYS */;
INSERT INTO `departments` VALUES (19,'Philosophie ',6,7,'Philosophie '),(20,'Ang. Cult. Africaine',7,6,'Lettres, Langues, Arts et Sciences de l`homme et de la Société'),(21,'Fr. Lang. Africaines',7,6,'Lettres, Langues, Arts et Sciences de l`homme et de la Société'),(22,'Histoire',7,6,'Lettres, Langues, Arts et Sciences de l`homme et de la Société'),(23,'Bioligie-Chimie',8,6,'Sciences Naturelles et Exactes'),(24,'Agro-Vert',8,6,'Sciences Naturelles et Exactes'),(25,'Mathématiques',8,6,'Sciences Naturelles et Exactes'),(26,'Physique',8,6,'Sciences Naturelles et Exactes'),(27,'Géo et Gest. Env.',8,6,'Sciences Naturelles et Exactes'),(28,'Gest. Com. et Admin.',9,6,'Sciences Économiques et de Gestion'),(29,'Sec. Cmpt, Com. Info',9,6,'Sciences Économiques et de Gestion'),(30,'GAISF',10,6,'Sciences psychologiques et éducation'),(31,'OSP',10,6,'Sciences psychologiques et éducation'),(32,'Ens. Maternel',10,6,'Sciences psychologiques et éducation'),(33,'I.G',11,6,'Sciences et Techniques'),(34,'I.T',11,6,'Sciences et Techniques'),(35,'H. Accueil et Tourisme',11,6,'Sciences et Techniques'),(36,'Marketing',12,8,'Sciences Commerciales et Financières '),(37,'Comptabilité et Finances',12,8,'Sciences Commerciales et Financières '),(38,'Fisc. Dne. et Accises.',12,8,'Sciences Commerciales et Financières '),(39,'Banq. Microf. et Assurances',12,8,'Sciences Commerciales et Financières '),(40,'Gestion Réseaux',13,8,'Sciences informatiques'),(41,'C. S. Information',13,8,'Sciences informatiques'),(42,'Sec. Direction',14,8,'Sciences de Techniques de Secrétariat de Direction et Sciences d’administration'),(43,'GRH',14,8,'Sciences de Techniques de Secrétariat de Direction et Sciences d’administration'),(44,'Logistiques',14,8,'Sciences de Techniques de Secrétariat de Direction et Sciences d’administration'),(45,'Entreprenariat ',14,8,'Sciences de Techniques de Secrétariat de Direction et Sciences d’administration'),(46,'Hospitalière',15,9,'Soins Généraux'),(47,'EASI',15,9,'Soins Généraux'),(48,'pédiatrie',15,9,'Soins Généraux'),(49,'Logistique de Santé',16,9,'Gestion des organisation'),(50,'secrétariat médical',16,9,'Gestion des organisation'),(51,'Gest. Inst. Santé',16,9,'Gestion des organisation'),(52,'Biomédical ',17,9,'Laboratoire'),(53,'Sc. Alim. Nutr. et Diététique',18,9,'Sciences des aliments, nutrition et diététique'),(54,'Reconversion en sage-femme',19,9,'Sage-femme'),(55,'Tech.Pharmaceutique',20,9,'technique pharmaceutique'),(56,'Santé publique',21,9,'Santé Communautaire'),(57,'Epidémiologie',21,9,'Santé Communautaire'),(58,'Hygiène et environnement',22,9,'Hygiène et environnement'),(59,'Marketing',23,5,'Sciences Commerciales et Financières '),(60,'Comptabilité et finances',23,5,'Sciences Commerciales et Financières '),(61,'Fisc., Douanes et accises',23,5,'Sciences Commerciales et Financières '),(65,'Banque, Mf. et Assur.',23,5,'Sciences Commerciales et Financières '),(66,'Gestion Réseaux',24,5,'Sciences informatiques'),(67,'Conception S.I',24,5,'Sciences informatiques'),(68,'Secrétariat de Direction',25,5,'Sciences de Techniques de Secrétariat de Direction et Sciences d’administration'),(69,'Logistiques',25,5,'Sciences de Techniques de Secrétariat de Direction et Sciences d’administration'),(70,'Entreprenariat ',25,5,'Sciences de Techniques de Secrétariat de Direction et Sciences d’administration'),(71,'G.R.H',25,5,'Sciences de Techniques de Secrétariat de Direction et Sciences d’administration'),(72,'Agro-Vétérinaire',26,3,'Sciences Exactes'),(73,'Biologie-Chimie',26,3,'Sciences Exactes'),(74,'Géo. Gest. Env.',26,3,'Sciences Exactes'),(75,'I.T',26,3,'Sciences Exactes'),(76,'I.G',26,3,'Sciences Exactes'),(77,'Math-Physique',26,3,'Sciences Exactes'),(78,'Ang. Cultures africaines',27,3,'Lettres et Sciences Humaines'),(79,'Fr. Langues Africaines',27,3,'Lettres et Sciences Humaines'),(80,'Français-Latin',27,3,'Lettres et Sciences Humaines'),(81,'Gest. Com. et admin.',27,3,'Lettres et Sciences Humaines'),(82,'Gest. et Admin. Inst. Sco. et de Form.',27,3,'Lettres et Sciences Humaines'),(83,'Gest. des Entreprises',27,3,'Lettres et Sciences Humaines'),(84,'Hist., Gest. du patrimoine et dév.',27,3,'Lettres et Sciences Humaines'),(85,'Psy. du Travail',28,10,'Psychologie et Sciences de l`Education'),(86,'Admin. et Planif. de l`Edu.',28,10,'Psychologie et Sciences de l`Education'),(87,'Droit Public',29,10,'Droit'),(88,'Droit Privé et Judiciaire',29,10,'Droit'),(89,'Electro-mécanique ',30,10,'Sciences Appliquées'),(90,'Génie Civile',30,10,'Sciences Appliquées'),(91,'Génie Informatique',30,10,'Sciences Appliquées'),(92,'Génie Électrique',30,10,'Sciences Appliquées'),(93,'Zootechnie',31,10,'Sciences Agronomiques et Vétérinaires'),(94,'Eaux et Forêts',31,10,'Sciences Agronomiques et Vétérinaires'),(95,'Gestion Financière',32,10,'Sciences Économiques et de Gestion'),(96,'Economie  Monétaire',32,10,'Sciences Économiques et de Gestion'),(97,'Biologie',33,2,'Faculté des Sciences'),(98,'Chimie',33,2,'Faculté des Sciences'),(99,'Géologie',33,2,'Faculté des Sciences'),(100,'Math-Informatique ',33,2,'Faculté des Sciences'),(101,'Psychologie',34,2,'Psychologie et Sc. de l`Education'),(102,'Sc. De l`Education',34,2,'Psychologie et Sc. de l`Education'),(103,'Agreg. Ens. Secondaire ',34,2,'Psychologie et Sc. de l`Education'),(104,'Sciences Biomédicales ',35,2,'Médecine et Pharmacie'),(105,'Santé Publique',35,2,'Médecine et Pharmacie'),(106,'Nutrition Humaine',35,2,'Médecine et Pharmacie'),(107,'Sc. Pharmaceutiques ',35,2,'Médecine et Pharmacie'),(108,'Sc. Pol. et Admin.',36,2,'Sc. Sociales Politiques et Administratives'),(109,'R.I',36,2,'Sc. Sociales Politiques et Administratives'),(110,'Sociologie',36,2,'Sc. Sociales Politiques et Administratives'),(111,'Anthropologie ',36,2,'Sc. Sociales Politiques et Administratives'),(112,'Sc. de l`info. et de la Com.',37,2,'Lettres et Sc Humaines'),(113,'Philosophie',37,2,'Lettres et Sc Humaines'),(114,'Lettres et Civ. Anglaises',37,2,'Lettres et Sc Humaines'),(115,'Lettres et Civ. Française',37,2,'Lettres et Sc Humaines'),(116,'Lettres et Civ. Africaines',37,2,'Lettres et Sc Humaines'),(117,'Sciences Historiques',37,2,'Lettres et Sc Humaines'),(118,'Langues et Affaires',37,2,'Lettres et Sc Humaines'),(119,'Sc. et Tech. Documentaires',37,2,'Lettres et Sc Humaines'),(120,'Droit Privé et Judiciaire',38,2,'Droit'),(121,'Droit Public',38,2,'Droit'),(122,'Droit Eco. et Social',38,2,'Droit'),(123,'Sciences Economiques ',39,2,'Sc. Economiques et de Gestion'),(124,'Gestion',39,2,'Sc. Economiques et de Gestion'),(125,'Aménag. Des Ecosystèmes ',40,2,'Gest. des Ress. Nat. Renouv.'),(126,'Sciences Agronomiques',40,2,'Gest. des Ress. Nat. Renouv.'),(127,'Tourisme et Accueil',41,2,'Ecole Supérieure d`Hôtéllerie'),(128,'Hôtellerie et Restauration',41,2,'Ecole Supérieure d`Hôtéllerie'),(129,'Pèche',42,2,'Ecole de pèche et d`aquaculture'),(130,'Aquaculture ',42,2,'Ecole de pèche et d`aquaculture'),(131,'Prod. Veg.',43,11,'Sces Agro '),(132,'Prod. An',43,11,'Sces Agro '),(133,'Tech. Agro. Ind',43,11,'Sces Agro '),(134,'Agro. Éco',44,11,'Agro Éco. '),(135,'S.E.A.',45,11,'GRNR'),(136,'Expo. Eco',45,11,'GRNR'),(137,'Méd. Vét',46,11,'Médecin Vétérinaire '),(138,'C.A',47,11,'Agro. Gén'),(139,'Zoo',47,11,'Agro. Gén'),(140,'Phyto',47,11,'Agro. Gén'),(141,'Eco. Agri',47,11,'Agro. Gén'),(142,'Eaux et forêts ',48,11,'Eaux et forêts '),(143,'Sol et Eaux ',49,11,'Sol et Eaux '),(144,'Pédiatrie ',50,12,'Sces Infirmière '),(145,'EASI',50,12,'Sces Infirmière '),(146,'Soin Gén.',50,12,'Sces Infirmière '),(147,'Épidémiologie ',50,12,'Sces Infirmière '),(148,'Tech. Labo',51,12,'BIOMED'),(149,'Biomed',51,12,'BIOMED'),(151,'Sage Femme ',53,12,'Sage Femme '),(152,'Obstétrique ',53,12,'Sage Femme '),(153,'Nutrition ',54,12,'Sces Motri &amp; Pharm'),(154,'Kiné',54,12,'Sces Motri &amp; Pharm'),(155,'Santé Com',54,12,'Sces Motri &amp; Pharm'),(156,'Imagerie Méd',54,12,'Sces Motri &amp; Pharm'),(157,'Pharmacie ',54,12,'Sces Motri &amp; Pharm'),(158,'Techniques Agricoles',55,14,'Technique Agricole'),(159,'Développement Rural',56,14,'Développement Rural'),(160,'Org. Sociale',56,14,'Développement Rural'),(161,'Tech. Rurales',56,14,'Développement Rural'),(162,'Ges. Entr. Dev. Rurales',56,14,'Développement Rural'),(163,'Env. Dev. Durable',56,14,'Développement Rural'),(164,'Planif. Régionale',56,14,'Développement Rural'),(165,'Admin. Rurale ',56,14,'Développement Rural'),(166,'Const. Ind. et Bâtiment ',57,13,'Bâtiment et Travaux Publics '),(167,'Ponts et Chaussés',57,13,'Bâtiment et Travaux Publics '),(168,'Hydraulique et Env.',57,13,'Bâtiment et Travaux Publics '),(169,'Génie Rural',57,13,'Bâtiment et Travaux Publics '),(170,'Géom. Expert Fonc. et Imm.',58,13,'Géométrie-Topographie'),(171,'Amenag. Foncier et Infras.',58,13,'Géométrie-Topographie'),(172,'Génie Géométrique ',58,13,'Géométrie-Topographie'),(173,'Architecture  ',59,13,'Architecture '),(174,'Urbanisme ',60,13,'Urbanisme '),(175,'Informatique de Gestion ',32,10,'Sciences Économiques et de Gestion'),(176,'Management ',25,5,'Sciences de Techniques de Secrétariat de Direction et Sciences d’administration'),(177,'Droit Public ',61,17,'Droit'),(178,'Droit Privé et Judiciaire ',61,17,'Droit'),(179,'Droit économique et sociale ',61,17,'Droit'),(180,'Informatique ',62,17,'Management et Sc. Économiques '),(181,'Management ',62,17,'Management et Sc. Économiques '),(187,'Génie Électrique ',68,18,'Sces et Technologie Appliquée '),(188,'Génie ElectroMec',68,18,'Sces et Technologie Appliquée '),(189,'Génie Info',68,18,'Sces et Technologie Appliquée '),(190,'Sces Eco ',69,18,'Sces Économiques et Gestion '),(191,'Sces de Gestion ',69,18,'Sces Économiques et Gestion '),(192,'Droit Pénal ',70,18,'Sces Juridique '),(193,'Droit Public Interne',70,18,'Sces Juridique '),(194,'Soins généraux',71,16,'Sciences Infirmières'),(195,'Pédiatrie',71,16,'Sciences Infirmières'),(196,'Biologie Médicale ',71,16,'Sciences Infirmières'),(197,'Obstétrique',71,16,'Sciences Infirmières'),(198,'Anesthésie ',71,16,'Sciences Infirmières'),(199,'Anesthésie ',50,12,'Sces Infirmière '),(201,'Mange. S. Santé ',52,12,'Gest Org. Santé '),(202,'Log. Santé ',52,12,'Gest Org. Santé '),(203,'Sec. Méd',52,12,'Gest Org. Santé '),(204,'Chirurgie ',54,12,'Sces Motri &amp; Pharm'),(205,'Math-Physique',72,19,'Sciences Exactes'),(206,'GGE',72,19,'Sciences Exactes'),(207,'Bio-Chim',72,19,'Sciences Exactes'),(208,'Phytotechnie',72,19,'Sciences Exactes'),(209,'ACA',73,19,'Lettres et Sciences Humaines'),(210,'FLA',73,19,'Lettres et Sciences Humaines'),(211,'HSSPc',73,19,'Lettres et Sciences Humaines'),(212,'SCA',73,19,'Lettres et Sciences Humaines'),(213,'G.I',73,19,'Lettres et Sciences Humaines'),(214,'HSS',74,20,'Lettres et Sciences Humaines'),(215,'ACA',74,20,'Lettres et Sciences Humaines'),(216,'FLA',74,20,'Lettres et Sciences Humaines'),(217,'SCA',74,20,'Lettres et Sciences Humaines'),(218,'AGROVET',75,20,'Sciences exactes '),(219,'MP',75,20,'Sciences exactes '),(220,'DR',75,20,'Sciences exactes '),(221,'GGE',75,20,'Sciences exactes '),(222,'GEDR',75,20,'Sciences exactes '),(223,'OSO',75,20,'Sciences exactes '),(224,'Org. Sociale',76,21,'Développement rural '),(225,'Plan. Régionale',76,21,'Développement rural '),(226,'Env. et dév.  durable',76,21,'Développement rural '),(227,'Gest. et Admin. des projets',76,21,'Développement rural '),(230,'Dév. Rural',76,21,'Développement rural '),(231,'Tech. Agricoles',77,21,'Techniques agricoles'),(232,'Agro.Vétérinaire ',78,21,'Agrovétérinaire'),(233,'Expl.  écosys. et biodiversité',79,21,'Gestion des Ressources Naturelles Renouvelables'),(234,'Philosophie ',80,22,'Philosophie '),(235,'Anglais et culture africaine ',81,23,'Lettres et Sciences Humaines'),(236,'Histoire ',81,23,'Lettres et Sciences Humaines'),(237,'Français Langues Africaines',81,23,'Lettres et Sciences Humaines'),(238,'Gestion et Administration des institutions scolaires et de Formation',81,23,'Lettres et Sciences Humaines'),(239,'Biologie-Chimie',82,23,'Sciences exactes '),(240,'Géographie gestion de l\'environnement',82,23,'Sciences exactes '),(241,'Math-Physique',82,23,'Sciences exactes '),(242,'Sces de base ',68,18,'Sces et Technologie Appliquée '),(243,'Sces de base ',69,18,'Sces Économiques et Gestion '),(244,'Sces de base ',70,18,'Sces Juridique '),(249,'Anglais-Culture Africaines',86,24,'Lettres et Sciences Humaines'),(250,'Français-Langue Africaines',86,24,'Lettres et Sciences Humaines'),(251,'Histoire-Sciences Exactes',86,24,'Lettres et Sciences Humaines'),(252,'Sciences Commerciales et Administratives',86,24,'Lettres et Sciences Humaines'),(253,'Biologie-Chimie',83,24,'Sciences exactes '),(254,'Géographie-Gestion de l\'environnement ',83,24,'Sciences exactes '),(255,'Mathématique-Physique',83,24,'Sciences exactes '),(256,'Informatique Technique ',83,24,'Sciences exactes '),(268,'Génie Logiciel',90,13,'Informatique et Technologie'),(269,'Soins Généraux',91,29,'Sciences infirmières'),(270,'Pédiatrie',91,29,'Sciences infirmières'),(271,'EASI',91,29,'Sciences infirmières'),(272,'Sage-femme',92,29,'Section Sage-femme'),(273,'Obstétrique ',92,29,'Section Sage-femme'),(274,'Santé communautaire',93,29,'Section Santé communautaire'),(275,'Soins Gén',94,31,'Sces Infirmières'),(276,'Soins Pédiatriques',94,31,'Sces Infirmières'),(277,'Concerv. Bio.',40,2,'Gest. des Ress. Nat. Renouv.'),(278,'Psy et S. Mentale',94,31,'Sces Infirmières'),(279,'Ens &amp; Adm en S. Infirmière ',94,31,'Sces Infirmières'),(280,'Sage Femme ',95,31,'Sage-Femme'),(281,'Tech Labo',96,31,'Biomed '),(282,'Manag S Santé ',97,31,'Gest Org de Santé '),(283,'Obstétrique ',94,31,'Sces Infirmières'),(284,'Biomed',96,31,'Biomed '),(285,'Méd Hum',98,42,'Santé '),(286,'Méd Vêt ',98,42,'Santé '),(287,'Santé Pub',98,42,'Santé '),(288,'Droit',99,42,'Juridique, Politique et adm'),(289,'Sces Po',99,42,'Juridique, Politique et adm'),(290,'Sces adm et Mgt',99,42,'Juridique, Politique et adm'),(291,'R.I',99,42,'Juridique, Politique et adm'),(292,'Sces Eco',104,42,'Sces Eco et Gestion '),(293,'Sces Gest',104,42,'Sces Eco et Gestion '),(294,'Info Gest',104,42,'Sces Eco et Gestion '),(295,'Sces Agro',100,42,'Agro et Enviro'),(296,'Eco agri',100,42,'Agro et Enviro'),(297,'Sces Educ',101,42,'Psy et Sces Edu'),(298,'Sces Psycho',101,42,'Psy et Sces Edu'),(301,'Géologie ',105,42,'Sces et Tech'),(302,'Sociologie ',106,42,'Sces l’Homme et Société '),(303,'Info et Com',106,42,'Sces l’Homme et Société '),(310,'Biologie-Chimie',115,46,'Sces exactes'),(311,'Géo et Gest Envi',115,46,'Sces exactes'),(312,'Math Physique ',115,46,'Sces exactes'),(313,'Agro Vét/ Phyto Déf Cult',115,46,'Sces exactes'),(314,'Ang-Cult Afri',116,46,'Sces lettres et Sces humaines '),(315,'FLA/ Français-Latin',116,46,'Sces lettres et Sces humaines '),(316,'Hist Sces Sociales',116,46,'Sces lettres et Sces humaines '),(317,'Sces de l’Educ',117,45,'Psy et Sces de l’Educ'),(318,'Sces Travail ',118,45,'Sces de Travail '),(319,'Travail Social ',118,45,'Sces de Travail '),(320,'Dev Rurale ',119,32,'Sces Agro et Envi'),(328,'ACA',121,44,'SL et SH'),(329,'FLAF',121,44,'SL et SH'),(330,'LATF',121,44,'SL et SH'),(331,'HSS',121,44,'SL et SH'),(332,'HSS ET GP',121,44,'SL et SH'),(333,'SCA',121,44,'SL et SH'),(334,'GAISF',121,44,'SL et SH'),(335,'OSP',121,44,'SL et SH'),(336,'BC',122,44,'SSE'),(337,'CP',122,44,'SSE'),(338,'SAV/PDC',122,44,'SSE'),(339,'SAV/PSA',122,44,'SSE'),(340,'GGE',122,44,'SSE'),(341,'GETH',122,44,'SSE'),(342,'MI',122,44,'SSE'),(343,'IG',122,44,'SSE'),(344,'PHYSIQUE ',122,44,'SSE'),(345,'Math',122,44,'SSE'),(346,'Biologie ',122,44,'SSE'),(347,'BC',123,44,'Sces et Tech'),(348,'CP',123,44,'Sces et Tech'),(349,'IT',123,44,'Sces et Tech'),(350,'MP',123,44,'Sces et Tech'),(351,'MI',123,44,'Sces et Tech'),(352,'GGE',123,44,'Sces et Tech'),(353,'PDC',124,44,'Sces Agro Vet '),(354,'PSA',124,44,'Sces Agro Vet '),(355,'ACA',125,44,'LL ET A'),(356,'FLA',125,44,'LL ET A'),(357,'FL',125,44,'LL ET A'),(358,'GCA',126,44,'SEG'),(359,'TAPRP',126,44,'SEG'),(360,'TSR',126,44,'SEG'),(361,'Histoire ',127,44,'SHS'),(362,'GAISF',128,44,'SPE'),(363,'OSP',128,44,'SPE'),(364,'Compt Fin',130,33,'Sces Com et Adm'),(365,'BMicro Ass',130,33,'Sces Com et Adm'),(366,'Marketing ',130,33,'Sces Com et Adm'),(367,'LoTra',130,33,'Sces Com et Adm'),(368,'Entre Gest PME',130,33,'Sces Com et Adm'),(369,'FDA',130,33,'Sces Com et Adm'),(370,'GRH',130,33,'Sces Com et Adm'),(371,'GI',130,33,'Sces Com et Adm'),(372,'Tech Sec',130,33,'Sces Com et Adm'),(373,'Man Gén',131,33,'Management '),(374,'Comptabilité ',138,33,'Descofin'),(375,'Fiscalités ',138,33,'Descofin'),(376,'Marketing ',138,33,'Descofin'),(377,'Théo Pratique ',132,37,'Théologie '),(378,'Missiologie',132,37,'Théologie '),(379,'APE',133,37,'Psy et Sces Educ'),(380,'Psychologie ',133,37,'Psy et Sces Educ'),(381,'Géologie ',134,37,'Min et Géologie '),(382,'Pétro Gaz EN',134,37,'Min et Géologie '),(383,'Génie civil',135,37,'Polytch'),(384,'Genie Eletri',135,37,'Polytch'),(385,'Archi ',135,37,'Polytch'),(386,'Nutri et Diet',136,37,'SaCom'),(387,'GEPS',136,37,'SaCom'),(388,'Kiné',136,37,'SaCom'),(389,'Développe ',136,37,'SaCom'),(390,'Paix GC',137,37,'Paix GC'),(391,'Envi. Et Dev. Durable ',139,32,'Dev. Rural '),(392,'GEDR',139,32,'Dev. Rural '),(393,'Plani. Rég',139,32,'Dev. Rural '),(394,'Org. Sociale',139,32,'Dev. Rural '),(395,'Tech. Rurales',139,32,'Dev. Rural '),(396,'Adm Rurale ',139,32,'Dev. Rural '),(397,'SANRE',136,37,'SaCom'),(398,'PEPS',136,37,'SaCom'),(399,'MSS',136,37,'SaCom'),(400,'Info Appli Gest Entreprise ',140,38,'Sces Informatique '),(401,'Info de Gestion ',140,38,'Sces Informatique '),(402,'Info Gest et Anglais Aff',140,38,'Sces Informatique '),(403,'CSI',140,38,'Sces Informatique '),(404,'Rx Info',140,38,'Sces Informatique '),(405,'Gest Com et adm',141,38,'Sces Com et admin '),(406,'Compt Fin',141,38,'Sces Com et admin '),(407,'GRH',141,38,'Sces Com et admin '),(408,'Compt et Audite ',141,38,'Sces Com et admin '),(409,'Log. Santé ',141,38,'Sces Com et admin '),(410,'APRP',142,38,'Gest tourist et hot'),(411,'TACN',142,38,'Gest tourist et hot'),(412,'TSHA',142,38,'Gest tourist et hot'),(413,'Tech Hab',143,38,'Art et Métiers '),(414,'Tech Esth',143,38,'Art et Métiers '),(415,'Modélisme ',143,38,'Art et Métiers '),(416,'Compt et Fin',144,48,'Compt et Fin'),(417,'Marketing ',145,48,'Marketing'),(418,'Fisc. Douane et Acc.',146,48,'Fisc. Douane et Acc.'),(419,'Info Gestion ',147,48,'Info Gestion '),(420,'EP et PME',148,48,'E.P et PME'),(421,'GRH',149,48,'GRH'),(422,'Log Et Trans',150,48,'Log et Trans'),(423,'GFC',151,43,'Mang. Et Sces Eco'),(424,'G.I',151,43,'Mang. Et Sces Eco'),(425,'GMDC',151,43,'Mang. Et Sces Eco'),(426,'GRH',151,43,'Mang. Et Sces Eco'),(427,'EGA',151,43,'Mang. Et Sces Eco'),(428,'D. Public ',152,43,'Droit'),(429,'DES',152,43,'Droit'),(430,'DPJ',152,43,'Droit'),(431,'Sces Po',153,43,'SSPA'),(432,'SAMP',153,43,'SSPA'),(433,'Journalisme ',154,43,'SIC'),(434,'Com Org',154,43,'SIC'),(435,'Com Sociale',154,43,'SIC'),(436,'Pub. A.S',154,43,'SIC'),(437,'Prépa ',155,35,'Prépa '),(438,'PC',156,35,'BTP'),(439,'CIB',156,35,'BTP'),(440,'LS',156,35,'BTP'),(441,'SAND',157,41,'SAND'),(442,'SF',158,41,'SF'),(443,'MSS',159,41,'GOS'),(444,'GIS',159,41,'GOS'),(445,'TPHAR',161,41,'TPHAR'),(446,'TLAB',162,41,'TLAB'),(447,'BM',162,41,'TLAB'),(449,'SADEV',163,41,'SACOM'),(450,'EPI',163,41,'SACOM'),(451,'TC',164,41,'SI'),(452,'ANREA',164,41,'SI'),(453,'EASI',164,41,'SI'),(455,'PED',164,41,'SI'),(456,'SIG',164,41,'SI'),(457,'OBST',164,41,'SI'),(459,'ACA',165,47,'Lettre et Sces Humaines '),(460,'FLA',165,47,'Lettre et Sces Humaines '),(461,'FL',165,47,'Lettre et Sces Humaines '),(462,'HGPD',165,47,'Lettre et Sces Humaines '),(463,'GCA',165,47,'Lettre et Sces Humaines '),(464,'GAISF',165,47,'Lettre et Sces Humaines '),(465,'GGE',166,47,'Sces Exactes '),(466,'MP',166,47,'Sces Exactes '),(467,'LF',165,47,'Lettre et Sces Humaines '),(474,'BSIG',168,30,'Adm et Gestion'),(475,'BGL',168,30,'Adm et Gestion'),(476,'BRI',168,30,'Adm et Gestion'),(477,'RI',168,30,'Adm et Gestion'),(478,'SI',168,30,'Adm et Gestion'),(479,'BThE',170,30,'Théologie Évangélique '),(480,'BPThTB',170,30,'Théologie Évangélique '),(481,'ThB',170,30,'Théologie Évangélique '),(482,'ThP',170,30,'Théologie Évangélique '),(483,'Mis',170,30,'Théologie Évangélique '),(484,'ThSyst',170,30,'Théologie Évangélique '),(485,'BDAH',169,30,'Sces de développement '),(486,'DRPR',169,30,'Sces de développement '),(487,'DevCom',169,30,'Sces de développement '),(488,'GPDS',169,30,'Sces de développement '),(489,'BSB',171,30,'Médecine'),(490,'DMG',171,30,'Médecine'),(491,'BGRNR',172,30,'Sces Agro et Env.'),(492,'BEEB',172,30,'Sces Agro et Env.'),(493,'BGSEA',172,30,'Sces Agro et Env.'),(494,'CNT',172,30,'Sces Agro et Env.'),(495,'BSA',172,30,'Sces Agro et Env.'),(496,'BPV',172,30,'Sces Agro et Env.'),(497,'EF',172,30,'Sces Agro et Env.'),(498,'EA',172,30,'Sces Agro et Env.'),(499,'Phyto',172,30,'Sces Agro et Env.'),(500,'PA',172,30,'Sces Agro et Env.'),(501,'Tech. Agri.',173,36,'Tech. Agricole '),(502,'Dév. Rural ',174,36,'Développement '),(503,'Dév. Com',174,36,'Développement '),(504,'Prod et S. An.',175,36,'Méd. Vétérinaire '),(505,'télécommunication',178,53,'Sciences et Technologie '),(506,'Informatique de Gestion',178,53,'Sciences et Technologie '),(507,'Réseaux',178,53,'Sciences et Technologie '),(508,'Maintenance',178,53,'Sciences et Technologie '),(509,'Environnement et développement durable',179,53,'Sciences de l’Homme et de la société'),(510,'Développement communautaire',179,53,'Sciences de l’Homme et de la société'),(511,'Développement rural',179,53,'Sciences de l’Homme et de la société'),(512,'Développement international,',179,53,'Sciences de l’Homme et de la société'),(513,'Agro-business',180,53,'Sciences agronomiques et Environ'),(514,'Gestion de Pêche et Aquaculture',180,53,'Sciences agronomiques et Environ'),(515,'Bâtiment et Travaux publics',181,53,'Science de l’ingénieur'),(516,'Architecture',181,53,'Science de l’ingénieur'),(517,'(Droit public',177,53,'Sciences juridique, Admin et Rel inter'),(518,'Droit privé',177,53,'Sciences juridique, Admin et Rel inter'),(519,'Droit économique et des affaires',177,53,'Sciences juridique, Admin et Rel inter'),(520,'Droit environnementale ',177,53,'Sciences juridique, Admin et Rel inter'),(521,'Droit foncière ',177,53,'Sciences juridique, Admin et Rel inter'),(523,'Sciences Agronomie génrale.',183,54,'Sciences Agronomiques et Environnement '),(524,'Sciences juridiques',183,54,'Sciences Agronomiques et Environnement '),(526,'Sciences informatiques',185,54,'Sciences et Technologies'),(527,'Sciences Psychologiques ',186,54,'Sciences Psychologiques et de l’Education'),(528,'Sciences de l’éducation',186,54,'Sciences Psychologiques et de l’Education'),(529,'Sciences économiques',187,54,'Sciences Economiques et de gestion '),(530,'Sciences de gestion',187,54,'Sciences Economiques et de gestion '),(531,'Soins Généraux',188,55,'Soins généraux'),(532,'Sage-Femme',189,55,'Sage-Femme'),(533,'Nutrition Dietetique',191,55,'Nutrition Dietetique'),(534,'Gest. Inst. de Santé',192,55,'Gestion Des institution de Santé'),(535,'Pharmacie',193,55,'Pharmacie'),(536,'Laboratoire',194,55,'Laboratoire'),(537,'Biologie Médicale',198,55,'Biologie Médicale'),(538,'Pédiatrie',195,55,'Pediatrie'),(539,'Hospitalière ',196,55,'Hospitalière'),(540,'EASI',197,55,'EASI'),(541,'Accocheuse',199,55,'Accoucheuse '),(542,'Comptabilité et Finance',200,57,'Comptabilité et Finance'),(543,'Marketing',201,57,'Marketing'),(544,'Fiscalité, Douanes et Accises',202,57,'Fiscalité, Douanes et Accises'),(545,'Entrepreneuriat et Gestion des PME',203,57,'Entrepreneuriat et Gestion des PME'),(546,'Gestion des Ressources Humaines',203,57,'Entrepreneuriat et Gestion des PME'),(547,'Informatique de Gestion',205,57,'Informatique de Gestion'),(548,'Comptabilité et Fiscalité ',206,57,'Sciences commerciales et Financières '),(549,'Gest. Des Entreprises',207,57,'Gestion des Entreprises'),(550,'Gest. Admin. Projets',208,57,'Gestion et Administration des Projets'),(551,'Ens. et Admin. des Serv. Infirmiers',209,58,'Sciences Infirmières'),(552,'Soins Généraux',209,58,'Sciences Infirmières'),(553,'Soins Pédiatriques',209,58,'Sciences Infirmières'),(554,'Sage-Femme',210,58,'Sage-Femme'),(555,'Sciences des Aliments',211,58,'Sciences Des Aliments'),(556,'Biologie Médicale',212,58,'Biologie Médicale'),(557,'Santé Comm.',213,58,'Santé communautaire'),(558,'Gest. Org. Santé',214,58,'Gestion  des Organisations de Santé'),(559,'Hospitalière',215,58,'Hospitalière'),(560,'Ens. Admin. en soins Inf.',216,58,'Enseignement et Admin. en Soins Infirmiers'),(561,'Accoucheuse ',218,58,'Accoucheuse'),(562,'Chirurgie',219,58,'Chirurgie'),(563,'Sciences Informatiques ',221,59,'Sciences Informatiques '),(564,'Sc. AGRO. et ENV.',222,59,'Sciences Agronomiques et Environnement'),(565,'Planification Rég. et Nat.',223,59,'Planification Régionale et Nationale'),(566,'Org. Sociale',225,59,'Organisation Sociale'),(567,'Env. et Dev. Durable',226,59,'Environnement et Développement Durable'),(568,'Tech. Rurales',227,59,'Techniques Rurales'),(569,'Admin. Rurale',228,59,'Admnistration Rurale'),(570,'Infor. de Gestion',229,59,'Informatique de Gestion'),(571,'Infor. de Gestion',229,59,'Informatique de Gestion'),(572,'Soins Généraux',230,60,'Soins Généraux'),(582,'ACA',239,61,'Anglais-Cultures Africaines'),(583,'FLA',240,61,'Français-Langues Africaines'),(584,'Géo. et Gest. Env.',241,61,'Geographie et Gestion de l\'environnement'),(585,'Hist. Sc. S. Gest. Patr.',242,61,'Histoire, Sciences Sociales et Gestion de Patrimoine'),(586,'Biologie-Chimie',243,61,'Biologie-Chimie'),(587,'Math-Physique',244,61,'Math-Physique'),(588,'SCA',246,61,'Sciences Commerciales et Administratives'),(589,'GAISF',247,61,'Gestion et admin. Des Inst. Scolaires et de Formation'),(590,'I.G',249,61,'Informatique de Gestion'),(591,'LLA',251,62,'Anglais'),(592,'GAA',253,62,'sces com et Adm'),(593,'Informatique',168,30,'Adm et Gestion'),(595,'SACOM',163,41,'SACOM'),(597,'MSS',159,41,'GOS'),(598,'GIS',254,41,'GIS'),(599,'EPI',163,41,'SACOM'),(600,'SADEV',163,41,'SACOM'),(601,'GCA',116,46,'Sces lettres et Sces humaines '),(602,'Psychopéda',116,46,'Sces lettres et Sces humaines '),(603,'BAG',168,30,'Adm et Gestion'),(604,'BE',168,30,'Adm et Gestion'),(605,'BCF',168,30,'Adm et Gestion'),(606,'BM',168,30,'Adm et Gestion'),(607,'GF',168,30,'Adm et Gestion'),(608,'GE',168,30,'Adm et Gestion'),(609,'ACA',256,64,'DLLA'),(610,'FLA',256,64,'DLLA'),(611,'GCA',257,64,'DSEG'),(612,'OSP',258,64,'DSPE'),(613,'BC',259,64,'DST'),(614,'GGE',259,64,'DST'),(615,'MP',259,64,'DST'),(616,'PT',260,52,'ST'),(617,'BC',260,52,'ST'),(618,'MP',260,52,'ST'),(619,'GGE',260,52,'ST'),(620,'PDC',260,52,'ST'),(621,'PSA',260,52,'ST'),(622,'CSI',260,52,'ST'),(623,'STA',260,52,'ST'),(624,'TSR',261,52,'TH'),(625,'ACA',262,52,'LLA'),(626,'FLA',262,52,'LLA'),(627,'FLAT',262,52,'LLA'),(628,'HGPD',262,52,'LLA'),(629,'GCA',263,52,'SEG'),(630,' GEDER',265,65,'Développement rural'),(631,'T. R',265,65,'Développement rural'),(632,'A. R',265,65,'Développement rural'),(633,'E.D.D',265,65,'Développement rural'),(634,'Epidémiologie',264,65,'Sciences infirmières'),(635,'Santé Publique',264,65,'Sciences infirmières'),(636,'Gynécologie',264,65,'Sciences infirmières'),(637,'Soins Généraux',264,65,'Sciences infirmières'),(638,'Sces Po.',266,66,'S.S.P.A'),(639,'Sces Adm',266,66,'S.S.P.A'),(640,'Droit Public',268,66,'DROIT'),(641,'Droit Eco.',268,66,'DROIT'),(642,'Droit Privé ',268,66,'DROIT'),(643,'Gest. Fin.',267,66,'L,L,A et Sces l`H.S'),(644,'Eco. Pub.',267,66,'L,L,A et Sces l`H.S'),(645,'Sces Educ.',269,66,'PSY ET SCES L’EDUC'),(646,'Psycho.',269,66,'PSY ET SCES L’EDUC'),(647,'Eco. Agri.',270,66,'SCES AGRO.'),(648,'Zoo',270,66,'SCES AGRO.'),(649,'Phyto.',270,66,'SCES AGRO.'),(650,'Eaux et Foret',270,66,'SCES AGRO.'),(651,'Organisation sociale ',271,73,'Techniques de développement '),(652,'Administration rural ',271,73,'Techniques de développement '),(653,'P.R.N',271,73,'Techniques de développement '),(654,'G.E.D.R',271,73,'Techniques de développement '),(655,'E.D.D',271,73,'Techniques de développement '),(656,'Techniques rurales ',272,73,'Techniques de gestion agricole '),(657,'Sciences vétérinaires ',272,73,'Techniques de gestion agricole '),(658,'Français langues africaines ',273,74,'Lettres et sciences humaines '),(659,'Français - latin',273,74,'Lettres et sciences humaines '),(660,'Histoires sciences sociales ',273,74,'Lettres et sciences humaines '),(661,'G.A.I.S.F',274,74,'Sciences d\'appui à l\'enseignement '),(662,'O.S.P',274,74,'Sciences d\'appui à l\'enseignement '),(663,'Chimie-biologie',275,74,'Sciences naturelles et exactes'),(664,'Gestion financière ',276,74,'L\'économie et gestion '),(665,'Gestion- commerciale ',276,74,'L\'économie et gestion '),(666,'C. C',277,76,'Coupe et couture '),(669,'Modélisme ',278,76,'Modélisme '),(670,'H. T',279,76,'Hôtellerie et tourisme '),(671,'Comptabilité ',280,68,'Économie '),(672,'Marketing ',281,68,'Management '),(673,'Gestion informatique ',282,68,'Sciences informatiques '),(674,'G.R.H.A.S',283,68,'G.R.H.A.S'),(675,'G.B.F',285,68,'G.B.F'),(676,'Organisation sociale ',286,70,'Développement rural '),(677,'Développement rural ',286,70,'Développement rural '),(678,'E.D.D',286,70,'Développement rural '),(679,'Planification régional ',286,70,'Développement rural '),(680,'Agronomie générale ',287,70,'Techniques Agricoles '),(681,'Science juridique',288,77,'S.J.P.A'),(682,'Science politique ',288,77,'S.J.P.A'),(683,'S. A. M',288,77,'S.J.P.A'),(684,'Production végétale ',289,77,'Sciences agronomiques '),(685,'Psychologie ',290,77,'S. P. E'),(686,'Science de l\'éducation ',290,77,'S. P. E'),(687,'Psychologie du travail ',290,77,'S. P. E'),(688,'A. P. E',290,77,'S. P. E'),(689,'G. E. O. T',291,77,'Sciences d\'économie et gestion '),(690,'Informatique de gestion ',291,77,'Sciences d\'économie et gestion '),(691,'G. R. H',291,77,'Sciences d\'économie et gestion '),(692,'Épidémiologie ',292,78,'Sciences infirmières '),(693,'Soins généraux ',292,78,'Sciences infirmières '),(694,'Gestion des organisation de la santé ',293,78,'Gestion'),(695,'Soins généraux ',294,69,'Sciences infirmières '),(696,'Pédiatrie ',294,69,'Sciences infirmières '),(697,'Easi',294,69,'Sciences infirmières '),(698,'Sage femme ',294,69,'Sciences infirmières '),(699,'Nutrition et diététique ',295,69,'Nutrition et diététique '),(700,'Logistique ',296,69,'Logistique '),(701,'G.M.S.S',297,69,'G.M.S.S'),(702,'Secrétariat médical ',294,69,'Sciences infirmières '),(703,'Santé communautaire ',294,69,'Sciences infirmières '),(704,'Techniques de laboratoire ',294,69,'Sciences infirmières '),(705,'Bio médical ',299,69,'Bio médical '),(706,'Épidémiologie ',294,69,'Sciences infirmières '),(707,'G.i.S',298,69,'G.I.S'),(708,'Obstétrique ',294,69,'Sciences infirmières '),(709,'THÉOLOGIE PROTESTANTE ',300,80,'Sciences de l\'homme et de la société '),(710,'THÉOLOGIE PASTORALE ',300,80,'Sciences de l\'homme et de la société '),(711,'G.A..I.S.F',305,72,'Sciences psychologique et de l\'éducation '),(712,'Gestion du patrimoine et de développement ',304,72,'Sciences de l\'homme et de la société '),(713,'Anglais-culture africaine ',301,72,'Domaine des Lettres, Langues et Arts '),(714,'Gestion commerciale et Administrative ',303,72,'Sciences économie de gestion '),(715,'Production et Santé animale ',302,72,'Sciences et technologies '),(716,'Mathématiques-Physique',302,72,'Sciences et technologies '),(717,'Biologie-Chimie ',302,72,'Sciences et technologies '),(718,'Soins Infir. généraux',306,63,'Sciences Infirmières'),(719,'Sage-Femme',306,63,'Sciences Infirmières'),(720,'Épidémiologie',306,63,'Sciences Infirmières'),(721,'Pédiatrie',306,63,'Sciences Infirmières'),(722,'Obstétrique',306,63,'Sciences Infirmières'),(723,'Ens. et Admin. en Soins if. et Gest. inst. de Santé',306,63,'Sciences Infirmières'),(724,'Biologie-medicale',307,63,'Techniques de Laboratoire'),(725,'Hospitalière',306,63,'Sciences Infirmières'),(726,'accoucheuse',307,63,'Techniques de Laboratoire'),(727,'Sage-Femme',309,81,'Sciences Infirmières'),(728,'Epidémiologie',309,81,'Sciences Infirmières'),(729,'Obstétrique',309,81,'Sciences Infirmières'),(730,'Pédiatrie',309,81,'Sciences Infirmières'),(732,'Ens. Admin. Soins If. Gest. I. Santé',309,81,'Sciences Infirmières'),(733,'Biologie Médicale',310,81,'Techniques de Laboratoire'),(734,'Hospitalière',309,81,'Sciences Infirmières'),(735,'Accoucheuse ',309,81,'Sciences Infirmières'),(736,'Agronomie générale ',311,82,'TECHNIQUES AGRICOLES '),(737,'A.E.T',312,82,'GESTION DE RESSOURCES NATURELLES renouvelables '),(738,'G.I',313,83,'G.I'),(739,'T.S.D',314,83,'T.S.D'),(740,'S.C.F',315,83,'S.C.F'),(741,'G.E.E',316,83,'G.E.E'),(742,'Soins généraux ',319,84,'Sciences infirmières '),(743,'Soins pédiatrie ',319,84,'Sciences infirmières '),(744,'Sage femme ',319,84,'Sciences infirmières '),(745,'Techniques laboratoires ',319,84,'Sciences infirmières '),(746,'G.O.S.S',319,84,'Sciences infirmières '),(747,'Soins généraux',317,84,'Santé communautaire '),(748,'Soins pédiatrie',317,84,'Santé communautaire '),(749,'Sage femme',317,84,'Santé communautaire '),(750,'Techniques laboratoires',317,84,'Santé communautaire '),(751,'G.O.S.S',317,84,'Santé communautaire '),(752,'G.O.S.S',318,84,'EASI'),(753,'Soins généraux',318,84,'EASI'),(754,'Soins pédiatrie',318,84,'EASI'),(755,'Sage femme',318,84,'EASI'),(756,'Techniques laboratoires',318,84,'EASI'),(757,'Français et langue africaine ',321,79,'LETTRES ET SCIENCES HUMAINES '),(758,'Sciences historiques ',321,79,'LETTRES ET SCIENCES HUMAINES '),(759,'Anglais et culture africaine ',321,79,'LETTRES ET SCIENCES HUMAINES '),(760,'Gestion commerciale et administrative ',321,79,'LETTRES ET SCIENCES HUMAINES '),(761,'Math- physique ',322,79,' Sciences naturelles et exactes '),(762,'Biologie - chimie ',322,79,' Sciences naturelles et exactes '),(763,'G.I.S.F',324,79,'Sciences d\'appui à l\'enseignement '),(764,'H',331,86,'Histoire '),(765,'G.A.I.S.F',328,86,'GAISF'),(766,'A.C.A',327,86,'Anglais et culture africaine '),(767,'Fla',326,86,'Français et langues africaines '),(768,'M.P',333,86,'Math-physique'),(769,'M. I',334,86,'Math-info'),(770,'PDC',335,86,'P.D.C'),(771,'P.S.A',336,86,'Production et santé animale '),(772,'I.T',337,86,'Informatique et technologies '),(773,'Gestion commerciale et administrative ',332,86,'G.C.A'),(774,'Gaisf',338,87,'GAISF'),(775,'Fla',339,87,'FLA'),(776,'Histoire ',340,87,'HISTOIRE '),(777,'Sav',341,87,'S.A.V'),(778,'Informatique de gestion ',342,87,'Informatique de gestion '),(779,'Organisation sociale ',344,88,'Développement rural '),(780,'E.D.D',344,88,'Développement rural '),(781,'G.E.D',344,88,'Développement rural '),(782,'Construction ',345,90,'Peda et Tech Appli'),(783,'Info ind. Et Rx',345,90,'Peda et Tech Appli'),(784,'Électro-Tech',345,90,'Peda et Tech Appli'),(785,'Mec Prod',345,90,'Peda et Tech Appli'),(786,'Mec Gen ',345,90,'Peda et Tech Appli'),(787,'S G',346,94,'Soins Généraux'),(788,'S P',347,94,'Soins pédiatriques '),(789,'E A S I',348,94,'ENS et Adm en soins infirmiers '),(790,'G O S',349,94,'GEST des orga de santé '),(791,'E',350,94,'Épidémiologie '),(792,'Tech d\'habillement ',351,95,'Tech d\'habillement'),(793,'Modélisme ',352,95,'Modélisme '),(794,'FLA',353,96,'LSH'),(795,'HSS',353,96,'LSH'),(796,'ACA',353,96,'LSH'),(797,'OSP',354,96,'SAE'),(798,'GAISF',354,96,'SAE'),(799,'Math-Phys',355,96,'SNE'),(800,'Math-Info',355,96,'SNE'),(801,'Agrovet',355,96,'SNE'),(802,'Bio-Chimie',355,96,'SNE'),(803,'FLA',356,97,'LLASL'),(804,'HSS',356,97,'LLASL'),(805,'BC',357,97,'SNE'),(806,'AGRO-VET',357,97,'SNE'),(807,'MATH',357,97,'SNE'),(808,'GGE',357,97,'SNE'),(809,'GCOM ADM',358,97,'SEG'),(811,'GAISF',359,97,'SPE'),(812,'OSP',359,97,'SPE'),(813,'IG',360,97,'ST'),(814,'HAT',360,97,'ST'),(815,'Sces Eco',267,66,'L,L,A et Sces l`H.S'),(816,'Sces de Gestion ',267,66,'L,L,A et Sces l`H.S'),(817,'Santé Publique ',361,66,'Santé Publique '),(818,'Sces et Tech.',362,66,'Sciences et Tech.'),(819,'Soins Infirmiers Généraux',309,81,'Sciences Infirmières'),(820,'FLA',363,56,'Lettre et Sces H'),(821,'ACA',363,56,'Lettre et Sces H'),(822,'HSS',363,56,'Lettre et Sces H'),(823,'Math-Phys.',364,56,'Sces Nat et Exact'),(824,'Bio-Chimie ',364,56,'Sces Nat et Exact'),(825,'GGE',364,56,'Sces Nat et Exact'),(826,'SCAdm',365,56,'Sces Sociale '),(827,'Info. Gest',365,56,'Sces Sociale '),(828,'OSP',366,56,'Sces A. E'),(829,'GAISF',366,56,'Sces A. E'),(830,'ACA',367,56,'L.L. Art'),(831,'FLA',367,56,'L.L. Art'),(832,'HGPD',368,56,'Sces L\'H et S.'),(833,'GCA',369,56,'Sces Eco et Gest.'),(834,'GAISF',370,56,'Sces Psy et Éduc.'),(835,'OSP',370,56,'Sces Psy et Éduc.'),(836,'Bio-Chimie ',371,56,'Sces et Tech'),(837,'Math-Phys ',371,56,'Sces et Tech'),(838,'Info Gest',371,56,'Sces et Tech'),(839,'GGE',371,56,'Sces et Tech'),(840,'FLA',372,100,'FLA'),(841,'AGROVET',373,100,'AGROVET'),(842,'H.S.S.G.P',374,100,'H.S.S.G.P'),(843,'S.C.A',375,100,'S.C.A'),(844,'GAISF',376,100,'GAISF'),(845,'Imagérie Médicale',377,101,'Imagerie Médicale'),(847,'Kinésithérapie',378,101,'Kinésithérapie'),(848,'Sage-Femme',379,101,'Sage-Femme'),(849,'Tech. Laboratoire',380,101,'Technique de Laboratoire'),(850,'Nutrition Humaine',381,101,'Nutrition Humaine'),(851,'Pédiatrie',382,101,'Pédiatrie'),(852,'Gest. Inst. Santé',383,101,'Gestion des Institutions de Santé'),(853,'Sc. Agro et Vet.',384,102,'Sciences Agronomiques et Veterinaires'),(854,'Sc. de Développement',385,102,'Sciences de Développement'),(855,'Sc. Info et Com.',386,102,'Sciences de L\'information et de la Communication'),(856,'Sc. Jur. Pol. Admin.',387,102,'Sciences Juridiques, Politiques et Administratives'),(857,'Sc. Appliquées',388,102,'Sciences Appliquées'),(858,'Sc. Juridiques',389,103,'Sciences Juridiques'),(859,'Sc. Informatiques',390,103,'Sciences Informatiques'),(860,'Sc. de l\'éducation',391,103,'Sciences de l\'Education'),(861,'Psychologie',392,103,'Psychologie'),(862,'Droit',393,103,'Droit'),(863,'Admin. et Plan. de l\'éducation',394,103,'Administration et Planification de L\'éducation'),(864,'Fr. Lang. Africaines',395,104,'Lettres et Sciences Humaines'),(865,'Gest. Admin. Inst. Scol. Form.',395,104,'Lettres et Sciences Humaines'),(866,'GAISF',398,105,'GAISF'),(867,'FLA',399,105,'FLA'),(868,'S.H',400,105,'S.H'),(869,'GEG',401,105,'GEG'),(870,'S.AV',402,105,'S.AV'),(871,'ACA',403,105,'ACA'),(872,'S.I.C',404,89,'S.I.C'),(873,'Sces Éduc et Paix',405,89,'Sces Éduc. et Paix'),(874,'Sces Agro.',406,89,'Sces Agro.'),(875,'Eco et Gest',407,89,'Sces Eco. Et Gest.'),(876,'Psychologie ',408,89,'Sces Psy et Éduc.'),(877,'Éducation ',408,89,'Sces Psy et Éduc.'),(878,'Santé Publique ',409,89,'Santé Publique '),(879,'FLA',410,107,'Sciences de Lettres, Langues et Arts'),(880,'ACA',410,107,'Sciences de Lettres, Langues et Arts'),(881,'GGE',411,107,'Sciences et Technologie'),(882,'I.T',411,107,'Sciences et Technologie'),(883,'Gest. Com. Admin.',412,107,'Sciences Economiques et de Gestion'),(884,'GAISF',413,107,'Sciences Psychologique et de l\'Education'),(885,'OSP',413,107,'Sciences Psychologique et de l\'Education'),(886,'Sciences Historiques',414,107,'Sciences de l\'Homme et de la Société'),(887,'Comptabilité et Finance ',415,108,'Sciences Economiques Et De Gestion '),(888,'Fiscalité, Douanes et Accises ',415,108,'Sciences Economiques Et De Gestion '),(889,'Gest. Ress. Humaines ',415,108,'Sciences Economiques Et De Gestion '),(890,'Marketing',415,108,'Sciences Economiques Et De Gestion '),(891,'Entrepreneuriat Gest. PME',415,108,'Sciences Economiques Et De Gestion '),(892,'Préparatoire',416,109,'Préparatoire'),(893,'BTP',417,109,'Bâtiment et Travaux publics'),(894,'GT',418,109,'Géomètre Topographe'),(895,'Archtecture',419,109,'Archtecture'),(896,'Théo Prot.',420,89,'Théo Prot.'),(897,'Droit Pub.',421,91,'Droit '),(898,'Droit Privé ',421,91,'Droit '),(899,'Droit Eco.',421,91,'Droit '),(900,'Gest. Fin',422,91,'Économie '),(901,'Eco. Rurale ',422,91,'Économie '),(902,'Eco. Dev. ',422,91,'Économie '),(903,'Eco. Moné',422,91,'Économie '),(904,'Phyto ',423,91,'Agronomie '),(905,'Agribus',423,91,'Agronomie '),(906,'Biotechnie',423,91,'Agronomie '),(907,'Sociologie ',424,91,'S.S.P.A'),(908,'S.P.A',424,91,'S.S.P.A'),(909,'R.I.',424,91,'S.S.P.A'),(910,'Épidémio ',425,91,'Santé Publique '),(911,'G.I.S',425,91,'Santé Publique '),(912,'Rx Info et Télécom ',426,91,'Sces Ingénieur '),(913,'Info Gest',426,91,'Sces Ingénieur '),(914,'Génie Civil Archi',426,91,'Sces Ingénieur '),(915,'Gest Envi',427,91,'Dev. Com et Envi.'),(916,'G.A.P',427,91,'Dev. Com et Envi.'),(917,'Exp. Gest Min',428,91,'Sces Géologie '),(918,'Geotech',428,91,'Sces Géologie '),(919,'G. E',428,91,'Sces Géologie '),(920,'Pétrochimie ',428,91,'Sces Géologie '),(921,'Géophysique ',428,91,'Sces Géologie '),(922,'Psy Travail ',429,91,'Psy. Sces Éduc '),(923,'P.C.P.S.',429,91,'Psy. Sces Éduc '),(924,'Préparatoire',430,67,'Préparatoire'),(925,'Méc. de Production',431,67,'Mécanique de Production'),(926,'Electrotechnique',432,67,'Electrotechnique'),(927,'Méc. Energétique',434,67,'Mécanique Energétique'),(928,'Méc. Appliquée',435,67,'Mécanique Appliquée'),(929,'Electronique',436,67,'Electronique'),(930,'Informatique',437,67,'Informatique'),(931,'Construction Méc.',438,67,'Construction Mécanique'),(932,'Maint. Mat. Méd.',439,67,'Maintenance des Matériaux Médicaux'),(933,'E.A.S.I',440,60,'E.A.S.I'),(934,'Sage-Femme',441,60,'Sage-Femme'),(935,'Pédiatrie',442,60,'Pédiatrie'),(936,'Nutrition',443,60,'Nutrition'),(937,'Gest. Env.',444,110,'Sciences et Techniques de développement'),(938,'Santé Com',444,110,'Sciences et Techniques de développement'),(939,'Agro. vet.',444,110,'Sciences et Techniques de développement'),(940,'Ent. Gest. Projet',444,110,'Sciences et Techniques de développement'),(941,'Comptabilité',445,110,'Sciences commerciales et Financieres'),(942,'Fisc. Douane',445,110,'Sciences commerciales et Financieres'),(943,'Marke. Dyn. Com.',445,110,'Sciences commerciales et Financieres'),(944,'Info de gest.',445,110,'Sciences commerciales et Financieres'),(945,'GRH',445,110,'Sciences commerciales et Financieres'),(946,'Techn. Agricole',446,111,'Technique Agricole'),(947,'Développement Rural',447,111,'Développement Rural'),(948,'Gest. Entr. Dev. Rural',448,111,'Gestion des Entr. Dev. Rural'),(949,'Plan. Rég. et Nat.',449,111,'Planification Régionale et Nationale'),(950,'Env. Dév. Durable',450,111,'Env. Dév. Durable'),(951,'FLA',451,112,'FLA'),(952,'ACA',453,112,'ACA'),(953,'Hist. Sc. S. et Gest. Patr.',454,112,'Histoire Sciences Sociales et Gestion du Patrimoine'),(954,'Géo. Gest. Env.',455,112,'Géo. Gest. de l\'environnement'),(955,'Math-Physique',456,112,'Math-Physique'),(956,'Biologie-chimie',462,118,'Biologie-Chimie'),(957,'Math-Physique',464,118,'Mathématiques-Physique'),(958,'Conception S.I',465,118,'Conception des Systèmes Informatiques'),(959,'GGE',466,118,'Géographie et Gestion de l\'Environnement'),(960,'Pyrotech. Déf. Cult.',467,118,'Pyrotechnie et Défense des Cultures'),(961,'Prod. Santé An.',468,118,'Production et Santé Animales'),(962,'FLA',470,118,'Français-Langue Africaines'),(963,'ACA',469,118,'Anglais-Culture Africaine'),(964,'Histoire',471,118,'Histoire'),(965,'Gest. Com. Admin.',472,118,'Gestion Commerciale et Admnistrative'),(966,'GAISF',473,118,'Gestion et Administration scolaires et de formation'),(967,'Droit Public',474,117,'Droit'),(968,'Droit Privé et Judiciaire',474,117,'Droit'),(969,'Droit Economique et Social',474,117,'Droit'),(970,'Sc.  Politiques et Admin.',476,117,'Psychologie et Sciences de l\'éducation'),(971,'R.I',475,117,'Sciences Sociales, Politiques et Administratives'),(972,'Sociologie',475,117,'Sciences Sociales, Politiques et Administratives'),(973,'Psychologie',476,117,'Psychologie et Sciences de l\'éducation'),(974,'Sc. de l\'éducation',476,117,'Psychologie et Sciences de l\'éducation'),(975,'Hospitalière',477,117,'Santé publique'),(976,'Gest. des inst. de Santé',477,117,'Santé publique'),(977,'ACA',478,116,'Lettres et Sciences Humaines'),(978,'FLA',478,116,'Lettres et Sciences Humaines'),(979,'Hist. Sc. S. et Gest. du P.',478,116,'Lettres et Sciences Humaines'),(980,'Français-Latin',478,116,'Lettres et Sciences Humaines'),(981,'GAISF',479,116,'Sciences d\'Appui à l\'enseignement'),(982,'OSP',479,116,'Sciences d\'Appui à l\'enseignement'),(983,'SCA',480,116,'Sections Techniques'),(984,'IG',480,116,'Sections Techniques'),(985,'Math-Physique',481,116,'Sciences Exactes'),(986,'Bio. et Techn. Appliquées',481,116,'Sciences Exactes'),(987,'GGE',481,116,'Sciences Exactes'),(988,'Electro Technique',482,115,'Sciences et Technologies Industrielles '),(989,'Electro Mécanique',482,115,'Sciences et Technologies Industrielles '),(990,'Electronique',482,115,'Sciences et Technologies Industrielles '),(991,'Mécanique Générale',482,115,'Sciences et Technologies Industrielles '),(992,'Construction',482,115,'Sciences et Technologies Industrielles '),(995,'IG',487,115,'Sciences Economiques et de Gestion'),(996,'GCA',487,115,'Sciences Economiques et de Gestion'),(997,'ACA',488,115,'Lettres, Langues et Arts'),(998,'FLA',488,115,'Lettres, Langues et Arts'),(999,'His. Sc. Sociales',488,115,'Lettres, Langues et Arts'),(1000,'GAISF',484,115,'Sc. Psychologiques et de l\'éducation'),(1001,'Tech. Hab. et Mode.',483,115,'Art et Métiers '),(1002,'Log et Trans',489,119,'Sces Gest Com et Adm'),(1003,'FDA',489,119,'Sces Gest Com et Adm'),(1004,'BMA',489,119,'Sces Gest Com et Adm'),(1005,'Info Gest',489,119,'Sces Gest Com et Adm'),(1006,'EGP',489,119,'Sces Gest Com et Adm'),(1007,'Compt Fin',489,119,'Sces Gest Com et Adm'),(1008,'GRH',489,119,'Sces Gest Com et Adm'),(1009,'Sec Dir',489,119,'Sces Gest Com et Adm'),(1010,'Mark Com',489,119,'Sces Gest Com et Adm'),(1020,'Philosophie ',493,122,'Philosophie '),(1021,'S. Pédiatrie ',500,126,'Sces Infirmières '),(1022,'S.A.R',500,126,'Sces Infirmières '),(1023,'S.P et S.M',500,126,'Sces Infirmières '),(1024,'E.A.S.I',500,126,'Sces Infirmières '),(1025,'Sage Femme ',501,126,'Sage Femme '),(1026,'N.D.Q.A',503,126,'Nutri-Diete'),(1027,'Tech Pharma.',504,126,'Tech Pharma'),(1028,'Tech Labo',505,126,'BioMed'),(1029,'Santé Com.',506,126,'Santé Com.'),(1030,'M.S. Santé ',507,126,'G.O. Santé '),(1031,'Log. Santé ',507,126,'G.O. Santé '),(1032,'Dev. Rural ',499,127,'Sces Agro. Et Envi.'),(1033,'Biotech',508,129,'Sces Technologiques'),(1034,'Tech Min',508,129,'Sces Technologiques'),(1035,'Tech Agri Agro',508,129,'Sces Technologiques'),(1036,'Tech Info',508,129,'Sces Technologiques'),(1037,'Tech GCV Const.',508,129,'Sces Technologiques'),(1038,'SIG',509,129,'Info Appli Gest'),(1039,'Eco Inov. Num',509,129,'Info Appli Gest'),(1040,'G. S. Santé ',509,129,'Info Appli Gest'),(1041,'G.P.Entre.',509,129,'Info Appli Gest'),(1042,'Cyb.Sec D. Num',509,129,'Info Appli Gest'),(1043,'Info Génie Log',510,129,'Polytech'),(1044,'Info Électro',510,129,'Polytech'),(1045,'Rx Com',510,129,'Polytech'),(1046,'I.A. et Robo.',510,129,'Polytech'),(1047,'Ir. Info',510,129,'Polytech'),(1048,'PROD VEG',517,132,'Sciences Agro et Env'),(1049,'DROIT',518,132,'Sces Juridique , Pol et Adm'),(1050,'PSYCHO',520,132,'Sces psychologique et edu'),(1051,'SCES EDUC',520,132,'Sces psychologique et edu'),(1052,'INFO',521,132,'Sciences et technologies '),(1053,'MÉDECINE',522,132,'Sciences de la santé '),(1054,'ÉCONOMIE',524,132,'Sces Eco et gestion '),(1055,'GESTION ',524,132,'Sces Eco et gestion '),(1056,'FLA',525,128,'LETTRES ET SCES HUMAINS'),(1057,'ACA',525,128,'LETTRES ET SCES HUMAINS'),(1058,'HGPD',525,128,'LETTRES ET SCES HUMAINS'),(1059,'SPE',525,128,'LETTRES ET SCES HUMAINS'),(1061,'GCA',527,128,'SCES COM, ADMI ET INFO'),(1062,'IG',527,128,'SCES COM, ADMI ET INFO'),(1063,'GGE',526,128,'SCIENCES EXACTES '),(1064,'BC',526,128,'SCIENCES EXACTES '),(1065,'CP',526,128,'SCIENCES EXACTES '),(1066,'MP',526,128,'SCIENCES EXACTES '),(1067,'PDC',526,128,'SCIENCES EXACTES '),(1068,'SPA',526,128,'SCIENCES EXACTES '),(1070,'PECHE-AQ',511,131,'Sces Agro et Env'),(1071,'PROD A',511,131,'Sces Agro et Env'),(1072,'PROD VEG',511,131,'Sces Agro et Env'),(1073,'ECO',512,131,'Sces Eco et Gest'),(1074,'GEST',512,131,'Sces Eco et Gest'),(1075,'PSYCHO',514,131,'Psychologie et Sces de l\'edu'),(1076,'SCES ED',514,131,'Psychologie et Sces de l\'edu'),(1077,'PRIVÉ ',515,131,'Droit '),(1078,'PUBLIC',515,131,'Droit '),(1079,'ECO-SOCIAL',515,131,'Droit '),(1080,'TP',516,131,'IBTP'),(1081,'ARCH',516,131,'IBTP'),(1082,'SCES JURIDIQUE ',528,133,'Sces Juridique, politique et Adm'),(1083,'DHRI',528,133,'Sces Juridique, politique et Adm'),(1084,'DPRIV',528,133,'Sces Juridique, politique et Adm'),(1085,'DPUB',528,133,'Sces Juridique, politique et Adm'),(1086,'GF',529,133,'Sces Économique et Gest'),(1087,'GRH',529,133,'Sces Économique et Gest'),(1088,'IAGE',529,133,'Sces Économique et Gest'),(1089,'ENTREP',529,133,'Sces Économique et Gest'),(1090,'S-COM',530,133,'Sces de la santé '),(1091,'EPIDEMIO',530,133,'Sces de la santé '),(1092,'SP',530,133,'Sces de la santé '),(1093,'COM-AP',531,133,'Sces de l\'homme et de la société'),(1094,'SIC',531,133,'Sces de l\'homme et de la société'),(1095,'SOCIO',531,133,'Sces de l\'homme et de la société'),(1096,'GC',531,133,'Sces de l\'homme et de la société'),(1097,'CN',532,133,'Sces Agro et Env'),(1098,'PA',532,133,'Sces Agro et Env'),(1099,'PV',532,133,'Sces Agro et Env'),(1100,'COMPTA',533,123,'Gestion Fin et Adm'),(1101,'GRH',534,123,'Gestion RH'),(1102,'DEV COM',535,123,'Sces-tech de Dev'),(1103,'PMP',535,123,'Sces-tech de Dev'),(1104,'GEDD',535,123,'Sces-tech de Dev'),(1105,'CSPRC',535,123,'Sces-tech de Dev'),(1106,'COMPT-FIN',536,123,'Sces Eco-Gest'),(1107,'GRH',536,123,'Sces Eco-Gest'),(1108,'DEV RURAL',537,123,'Sces Agro et Env'),(1109,'SCES INFO',540,123,'Sces Hom-Soc'),(1110,'COM APL',540,123,'Sces Hom-Soc'),(1111,'SANTÉ COM',541,123,'Sces de la santé'),(1112,'Génie rural',516,131,'IBTP'),(1113,'SPA ',542,136,'FSSAP'),(1114,'R.I',542,136,'FSSAP'),(1115,'Droit Pub.',543,136,'Droit'),(1116,'Droit Privé ',543,136,'Droit'),(1117,'Droit Eco ',543,136,'Droit'),(1118,'Psycho Clinique',544,136,'Psycho et SE'),(1119,'S.E',544,136,'Psycho et SE'),(1120,'A,I.S.',544,136,'Psycho et SE'),(1121,'Médecine ',545,136,'Médecine et Santé Publique'),(1122,'Santé Publique ',545,136,'Médecine et Santé Publique'),(1123,'Entrepreneuriat',546,136,'Économie et Gestion '),(1124,'Soins Généraux ',500,126,'Sces Infirmières '),(1125,'CHIMIE-PHYSIQUE ',260,52,'ST'),(1126,'FDA',547,130,'Sces Com-Fin'),(1127,'CF',547,130,'Sces Com-Fin'),(1128,'EGP',547,130,'Sces Com-Fin'),(1129,'BMA',547,130,'Sces Com-Fin'),(1130,'GRH',547,130,'Sces Com-Fin'),(1131,'IG',548,130,'INFO'),(1132,'FLA',549,138,'FLA'),(1133,'AGROVET',550,138,'AGROVET'),(1134,'H.S.S.G.P',551,138,'H.S.S.G.P'),(1135,'S.C.A',552,138,'S.C.A'),(1136,'GAISF',553,138,'GAISF'),(1137,'Soins Généraux',554,139,'Sciences Infirmières'),(1138,'Pédiatrie',554,139,'Sciences Infirmières'),(1139,'Sage-Femme',555,139,'Sage-Femme'),(1140,'Obstétrique ',554,139,'Sciences Infirmières'),(1141,'Sciences de Santé',554,139,'Sciences Infirmières'),(1142,'SP',557,135,'Santé Publique'),(1143,'-GIS',558,135,'G.I.S'),(1144,'Hospi',556,135,'Sciences infirmières'),(1145,'ACC',556,135,'Sciences infirmières'),(1146,'Pedia',556,135,'Sciences infirmières'),(1147,'Epidemio',556,135,'Sciences infirmières'),(1164,'PHYTO',578,137,'AGRO ET BIODIVERSITÉ '),(1165,'ZOOTECH',578,137,'AGRO ET BIODIVERSITÉ '),(1166,'EBDD',578,137,'AGRO ET BIODIVERSITÉ '),(1167,'SDC',578,137,'AGRO ET BIODIVERSITÉ '),(1168,'PSYCHO',579,137,'PSYCHOLOGIE ET SCES DE L\'EDU'),(1169,'SCES EDU',579,137,'PSYCHOLOGIE ET SCES DE L\'EDU'),(1170,'SCES PO ET ADM',580,137,'SCES SOCIALES, ADMI ET POLITIQUES '),(1171,'S.A',580,137,'SCES SOCIALES, ADMI ET POLITIQUES '),(1172,'R.I',581,137,'SCIENCES ECO ET GEST'),(1173,'EISA',580,137,'SCES SOCIALES, ADMI ET POLITIQUES '),(1174,'ECO',581,137,'SCIENCES ECO ET GEST'),(1175,'G.I',581,137,'SCIENCES ECO ET GEST'),(1176,'E.G.R.H',581,137,'SCIENCES ECO ET GEST'),(1177,'PUBLIC',582,137,'DROIT'),(1178,'PRIVÉ ET JUDICIAIRE ',582,137,'DROIT'),(1179,'ECO ET SOC',582,137,'DROIT'),(1180,'IG',583,99,'INFO ET GESTION '),(1181,'EG',584,99,'ENTREP ET GESTION PME'),(1182,'DC',585,99,'DOUANE ET COMMERCE EXT'),(1183,'GRH',586,99,'Gestion RH'),(1184,'MD',587,99,'MARKETING ET DYNAMIQUE COM'),(1185,'CF',588,99,'COMPTABILITÉ ET FINANCE'),(1186,'FISC',589,99,'FISCALITÉ '),(1187,'Act',574,141,'ARCHITECTURE '),(1188,'BM',572,141,'MÉDECINE'),(1189,'COMPTA-FINANCE',590,140,'Sces Commerciale et Finance'),(1190,'MARKETING',590,140,'Sces Commerciale et Finance'),(1191,'LOGISTIQUE ET TRANSPORT',590,140,'Sces Commerciale et Finance'),(1192,'FISC DOUANE ET ACCISES',590,140,'Sces Commerciale et Finance'),(1193,'ENTREPREUNARIAT ET GEST PME',590,140,'Sces Commerciale et Finance'),(1194,'GRH',590,140,'Sces Commerciale et Finance'),(1195,'TECHN SECRETARIAT',590,140,'Sces Commerciale et Finance'),(1196,'GEST DES PROJETS',590,140,'Sces Commerciale et Finance'),(1197,'HOTELLERIE ET TOURISME',590,140,'Sces Commerciale et Finance'),(1198,'BANQUE-MICRO FIN ET ASSURANCE',590,140,'Sces Commerciale et Finance'),(1199,'DC',570,141,'DROIT ET CRIMINOLOGIE '),(1200,'AGR',569,141,'AGRONOMIE '),(1201,'S.SOC',576,141,'SCIENCES SOCIALES '),(1202,'INFO',591,141,'INFORMATIQUE '),(1203,'INFO',575,141,'SCIENCES '),(1204,'FIN',571,141,'ÉCONOMIE ET GESTION '),(1206,'Com',592,141,'Communication '),(1207,'PME',571,141,'ÉCONOMIE ET GESTION '),(1208,'GRH',571,141,'ÉCONOMIE ET GESTION '),(1210,'EAU ET FORÊT ',569,141,'AGRONOMIE '),(1211,'PTHC',573,141,'POLYTECHNIQUE '),(1212,'Envi',595,141,'ENVIRONNEMENT '),(1213,'SCES SOC',576,141,'SCIENCES SOCIALES '),(1214,'S.T',596,141,'ST'),(1215,'RTL',597,141,'RTEL'),(1216,'P.V',569,141,'AGRONOMIE '),(1217,'PHYTO',569,141,'AGRONOMIE '),(1218,'SI/SG',600,145,'Scies Infirmière et Soins Gen'),(1219,'SG',601,145,'Sage femme'),(1220,'PDT',602,145,'Pédiatrie '),(1221,'TL',603,145,'Tech Lab/ Biologie médicale '),(1222,'BM',603,145,'Tech Lab/ Biologie médicale '),(1223,'NUTR',604,145,'SCES des aliments/ Nutrition et Diététique '),(1224,'S.A',604,145,'SCES des aliments/ Nutrition et Diététique '),(1225,'A.R',605,145,'Anesthésiste et Rea'),(1226,'T.P',606,145,'Tech Pharmaceutique '),(1227,'SP',607,145,'Santé publique/santé com'),(1228,'GO',608,145,'Gynéco-obstétrique '),(1229,'Théo Pratique ',609,146,'Théologie Ev '),(1230,'Théo biblique ',609,146,'Théologie Ev '),(1231,'Missiologie ',609,146,'Théologie Ev '),(1232,'Psycho',610,146,'Psychologie et SCES de l\'éducation '),(1233,'SCES EDU',610,146,'Psychologie et SCES de l\'éducation '),(1234,'Eco',611,146,'Économie et gestion '),(1235,'Gest',611,146,'Économie et gestion '),(1236,'Génie civil ',612,146,'Polytech '),(1237,'Génie rural ',612,146,'Polytech '),(1238,'Génie informatique ',612,146,'Polytech '),(1239,'Arch&amp;urbanisme ',612,146,'Polytech '),(1240,'Gest de réseau et Telecom ',612,146,'Polytech '),(1241,'Métallurgie ',612,146,'Polytech '),(1242,'Electromeca',612,146,'Polytech '),(1243,'Géomètre et topographe ',612,146,'Polytech '),(1244,'Beaux arts ',612,146,'Polytech '),(1245,'Géologie et mine',612,146,'Polytech '),(1246,'Journalisme ',613,146,'SCES INFORMATIONS et COM'),(1247,'Ed multimédia ',613,146,'SCES INFORMATIONS et COM'),(1248,'Com social ',613,146,'SCES INFORMATIONS et COM'),(1249,'Agriculture ',614,146,'Agronomie '),(1250,'ZOOTECH ',614,146,'Agronomie '),(1251,'PHYTO ',615,146,'Vétérinaire '),(1252,'Vétérinaire',615,146,'Vétérinaire '),(1253,'Piscicole ',614,146,'Agronomie '),(1254,'Gest et ADM des projets ',617,146,'Environnement et développement communautaire '),(1255,'Environnement ',617,146,'Environnement et développement communautaire '),(1256,'Dev com',617,146,'Environnement et développement communautaire ');
/*!40000 ALTER TABLE `departments` ENABLE KEYS */;
UNLOCK TABLES;

--
-- Table structure for table `faculties`
--

DROP TABLE IF EXISTS `faculties`;
/*!40101 SET @saved_cs_client     = @@character_set_client */;
/*!50503 SET character_set_client = utf8mb4 */;
CREATE TABLE `faculties` (
  `id` int NOT NULL AUTO_INCREMENT,
  `name` varchar(255) COLLATE utf8mb4_general_ci NOT NULL,
  `institution_id` int DEFAULT NULL,
  PRIMARY KEY (`id`),
  KEY `institution_id` (`institution_id`),
  CONSTRAINT `faculties_ibfk_1` FOREIGN KEY (`institution_id`) REFERENCES `institutions` (`id`)
) ENGINE=InnoDB AUTO_INCREMENT=618 DEFAULT CHARSET=utf8mb4 COLLATE=utf8mb4_general_ci;
/*!40101 SET character_set_client = @saved_cs_client */;

--
-- Dumping data for table `faculties`
--

LOCK TABLES `faculties` WRITE;
/*!40000 ALTER TABLE `faculties` DISABLE KEYS */;
INSERT INTO `faculties` VALUES (6,'Philosophie ',7),(7,'Lettres, Langues, Arts et Sciences de l`homme et de la Société',6),(8,'Sciences Naturelles et Exactes',6),(9,'Sciences Économiques et de Gestion',6),(10,'Sciences psychologiques et éducation',6),(11,'Sciences et Techniques',6),(12,'Sciences Commerciales et Financières ',8),(13,'Sciences informatiques',8),(14,'Sciences de Techniques de Secrétariat de Direction et Sciences d’administration',8),(15,'Soins Généraux',9),(16,'Gestion des organisation',9),(17,'Laboratoire',9),(18,'Sciences des aliments, nutrition et diététique',9),(19,'Sage-femme',9),(20,'technique pharmaceutique',9),(21,'Santé Communautaire',9),(22,'Hygiène et environnement',9),(23,'Sciences Commerciales et Financières ',5),(24,'Sciences informatiques',5),(25,'Sciences de Techniques de Secrétariat de Direction et Sciences d’administration',5),(26,'Sciences Exactes',3),(27,'Lettres et Sciences Humaines',3),(28,'Psychologie et Sciences de l`Education',10),(29,'Droit',10),(30,'Sciences Appliquées',10),(31,'Sciences Agronomiques et Vétérinaires',10),(32,'Sciences Économiques et de Gestion',10),(33,'Faculté des Sciences',2),(34,'Psychologie et Sc. de l`Education',2),(35,'Médecine et Pharmacie',2),(36,'Sc. Sociales Politiques et Administratives',2),(37,'Lettres et Sc Humaines',2),(38,'Droit',2),(39,'Sc. Economiques et de Gestion',2),(40,'Gest. des Ress. Nat. Renouv.',2),(41,'Ecole Supérieure d`Hôtéllerie',2),(42,'Ecole de pèche et d`aquaculture',2),(43,'Sces Agro ',11),(44,'Agro Éco. ',11),(45,'GRNR',11),(46,'Médecin Vétérinaire ',11),(47,'Agro. Gén',11),(48,'Eaux et forêts ',11),(49,'Sol et Eaux ',11),(50,'Sces Infirmière ',12),(51,'BIOMED',12),(52,'Gest Org. Santé ',12),(53,'Sage Femme ',12),(54,'Sces Motri &amp; Pharm',12),(55,'Technique Agricole',14),(56,'Développement Rural',14),(57,'Bâtiment et Travaux Publics ',13),(58,'Géométrie-Topographie',13),(59,'Architecture ',13),(60,'Urbanisme ',13),(61,'Droit',17),(62,'Management et Sc. Économiques ',17),(68,'Sces et Technologie Appliquée ',18),(69,'Sces Économiques et Gestion ',18),(70,'Sces Juridique ',18),(71,'Sciences Infirmières',16),(72,'Sciences Exactes',19),(73,'Lettres et Sciences Humaines',19),(74,'Lettres et Sciences Humaines',20),(75,'Sciences exactes ',20),(76,'Développement rural ',21),(77,'Techniques agricoles',21),(78,'Agrovétérinaire',21),(79,'Gestion des Ressources Naturelles Renouvelables',21),(80,'Philosophie ',22),(81,'Lettres et Sciences Humaines',23),(82,'Sciences exactes ',23),(83,'Sciences exactes ',24),(86,'Lettres et Sciences Humaines',24),(90,'Informatique et Technologie',13),(91,'Sciences infirmières',29),(92,'Section Sage-femme',29),(93,'Section Santé communautaire',29),(94,'Sces Infirmières',31),(95,'Sage-Femme',31),(96,'Biomed ',31),(97,'Gest Org de Santé ',31),(98,'Santé ',42),(99,'Juridique, Politique et adm',42),(100,'Agro et Enviro',42),(101,'Psy et Sces Edu',42),(104,'Sces Eco et Gestion ',42),(105,'Sces et Tech',42),(106,'Sces l’Homme et Société ',42),(115,'Sces exactes',46),(116,'Sces lettres et Sces humaines ',46),(117,'Psy et Sces de l’Educ',45),(118,'Sces de Travail ',45),(119,'Sces Agro et Envi',32),(121,'SL et SH',44),(122,'SSE',44),(123,'Sces et Tech',44),(124,'Sces Agro Vet ',44),(125,'LL ET A',44),(126,'SEG',44),(127,'SHS',44),(128,'SPE',44),(130,'Sces Com et Adm',33),(131,'Management ',33),(132,'Théologie ',37),(133,'Psy et Sces Educ',37),(134,'Min et Géologie ',37),(135,'Polytch',37),(136,'SaCom',37),(137,'Paix GC',37),(138,'Descofin',33),(139,'Dev. Rural ',32),(140,'Sces Informatique ',38),(141,'Sces Com et admin ',38),(142,'Gest tourist et hot',38),(143,'Art et Métiers ',38),(144,'Compt et Fin',48),(145,'Marketing',48),(146,'Fisc. Douane et Acc.',48),(147,'Info Gestion ',48),(148,'E.P et PME',48),(149,'GRH',48),(150,'Log et Trans',48),(151,'Mang. Et Sces Eco',43),(152,'Droit',43),(153,'SSPA',43),(154,'SIC',43),(155,'Prépa ',35),(156,'BTP',35),(157,'SAND',41),(158,'SF',41),(159,'GOS',41),(161,'TPHAR',41),(162,'TLAB',41),(163,'SACOM',41),(164,'SI',41),(165,'Lettre et Sces Humaines ',47),(166,'Sces Exactes ',47),(168,'Adm et Gestion',30),(169,'Sces de développement ',30),(170,'Théologie Évangélique ',30),(171,'Médecine',30),(172,'Sces Agro et Env.',30),(173,'Tech. Agricole ',36),(174,'Développement ',36),(175,'Méd. Vétérinaire ',36),(177,'Sciences juridique, Admin et Rel inter',53),(178,'Sciences et Technologie ',53),(179,'Sciences de l’Homme et de la société',53),(180,'Sciences agronomiques et Environ',53),(181,'Science de l’ingénieur',53),(182,'Science de l’ingénieur',53),(183,'Sciences Agronomiques et Environnement ',54),(184,'Sciences juridiques, Politiques et Administratives',54),(185,'Sciences et Technologies',54),(186,'Sciences Psychologiques et de l’Education',54),(187,'Sciences Economiques et de gestion ',54),(188,'Soins généraux',55),(189,'Sage-Femme',55),(191,'Nutrition Dietetique',55),(192,'Gestion Des institution de Santé',55),(193,'Pharmacie',55),(194,'Laboratoire',55),(195,'Pediatrie',55),(196,'Hospitalière',55),(197,'EASI',55),(198,'Biologie Médicale',55),(199,'Accoucheuse ',55),(200,'Comptabilité et Finance',57),(201,'Marketing',57),(202,'Fiscalité, Douanes et Accises',57),(203,'Entrepreneuriat et Gestion des PME',57),(204,'Gestion des Ressources Humaines',57),(205,'Informatique de Gestion',57),(206,'Sciences commerciales et Financières ',57),(207,'Gestion des Entreprises',57),(208,'Gestion et Administration des Projets',57),(209,'Sciences Infirmières',58),(210,'Sage-Femme',58),(211,'Sciences Des Aliments',58),(212,'Biologie Médicale',58),(213,'Santé communautaire',58),(214,'Gestion  des Organisations de Santé',58),(215,'Hospitalière',58),(216,'Enseignement et Admin. en Soins Infirmiers',58),(218,'Accoucheuse',58),(219,'Chirurgie',58),(221,'Sciences Informatiques ',59),(222,'Sciences Agronomiques et Environnement',59),(223,'Planification Régionale et Nationale',59),(224,'Gestion des entreprises de Développement Rural',59),(225,'Organisation Sociale',59),(226,'Environnement et Développement Durable',59),(227,'Techniques Rurales',59),(228,'Admnistration Rurale',59),(229,'Informatique de Gestion',59),(230,'Soins Généraux',60),(239,'Anglais-Cultures Africaines',61),(240,'Français-Langues Africaines',61),(241,'Geographie et Gestion de l\'environnement',61),(242,'Histoire, Sciences Sociales et Gestion de Patrimoine',61),(243,'Biologie-Chimie',61),(244,'Math-Physique',61),(246,'Sciences Commerciales et Administratives',61),(247,'Gestion et admin. Des Inst. Scolaires et de Formation',61),(249,'Informatique de Gestion',61),(251,'Anglais',62),(253,'sces com et Adm',62),(254,'GIS',41),(256,'DLLA',64),(257,'DSEG',64),(258,'DSPE',64),(259,'DST',64),(260,'ST',52),(261,'TH',52),(262,'LLA',52),(263,'SEG',52),(264,'Sciences infirmières',65),(265,'Développement rural',65),(266,'S.S.P.A',66),(267,'L,L,A et Sces l`H.S',66),(268,'DROIT',66),(269,'PSY ET SCES L’EDUC',66),(270,'SCES AGRO.',66),(271,'Techniques de développement ',73),(272,'Techniques de gestion agricole ',73),(273,'Lettres et sciences humaines ',74),(274,'Sciences d\'appui à l\'enseignement ',74),(275,'Sciences naturelles et exactes',74),(276,'L\'économie et gestion ',74),(277,'Coupe et couture ',76),(278,'Modélisme ',76),(279,'Hôtellerie et tourisme ',76),(280,'Économie ',68),(281,'Management ',68),(282,'Sciences informatiques ',68),(283,'G.R.H.A.S',68),(285,'G.B.F',68),(286,'Développement rural ',70),(287,'Techniques Agricoles ',70),(288,'S.J.P.A',77),(289,'Sciences agronomiques ',77),(290,'S. P. E',77),(291,'Sciences d\'économie et gestion ',77),(292,'Sciences infirmières ',78),(293,'Gestion',78),(294,'Sciences infirmières ',69),(295,'Nutrition et diététique ',69),(296,'Logistique ',69),(297,'G.M.S.S',69),(298,'G.I.S',69),(299,'Bio médical ',69),(300,'Sciences de l\'homme et de la société ',80),(301,'Domaine des Lettres, Langues et Arts ',72),(302,'Sciences et technologies ',72),(303,'Sciences économie de gestion ',72),(304,'Sciences de l\'homme et de la société ',72),(305,'Sciences psychologique et de l\'éducation ',72),(306,'Sciences Infirmières',63),(307,'Techniques de Laboratoire',63),(308,'Technique de Laboratoire',60),(309,'Sciences Infirmières',81),(310,'Techniques de Laboratoire',81),(311,'TECHNIQUES AGRICOLES ',82),(312,'GESTION DE RESSOURCES NATURELLES renouvelables ',82),(313,'G.I',83),(314,'T.S.D',83),(315,'S.C.F',83),(316,'G.E.E',83),(317,'Santé communautaire ',84),(318,'EASI',84),(319,'Sciences infirmières ',84),(321,'LETTRES ET SCIENCES HUMAINES ',79),(322,' Sciences naturelles et exactes ',79),(323,'Sections d\'école d\'application ',79),(324,'Sciences d\'appui à l\'enseignement ',79),(325,'BIBLIOTHÈQUE CENTRALE ',79),(326,'Français et langues africaines ',86),(327,'Anglais et culture africaine ',86),(328,'GAISF',86),(331,'Histoire ',86),(332,'G.C.A',86),(333,'Math-physique',86),(334,'Math-info',86),(335,'P.D.C',86),(336,'Production et santé animale ',86),(337,'Informatique et technologies ',86),(338,'GAISF',87),(339,'FLA',87),(340,'HISTOIRE ',87),(341,'S.A.V',87),(342,'Informatique de gestion ',87),(343,'Développement rural ',63),(344,'Développement rural ',88),(345,'Peda et Tech Appli',90),(346,'Soins Généraux',94),(347,'Soins pédiatriques ',94),(348,'ENS et Adm en soins infirmiers ',94),(349,'GEST des orga de santé ',94),(350,'Épidémiologie ',94),(351,'Tech d\'habillement',95),(352,'Modélisme ',95),(353,'LSH',96),(354,'SAE',96),(355,'SNE',96),(356,'LLASL',97),(357,'SNE',97),(358,'SEG',97),(359,'SPE',97),(360,'ST',97),(361,'Santé Publique ',66),(362,'Sciences et Tech.',66),(363,'Lettre et Sces H',56),(364,'Sces Nat et Exact',56),(365,'Sces Sociale ',56),(366,'Sces A. E',56),(367,'L.L. Art',56),(368,'Sces L\'H et S.',56),(369,'Sces Eco et Gest.',56),(370,'Sces Psy et Éduc.',56),(371,'Sces et Tech',56),(372,'FLA',100),(373,'AGROVET',100),(374,'H.S.S.G.P',100),(375,'S.C.A',100),(376,'GAISF',100),(377,'Imagerie Médicale',101),(378,'Kinésithérapie',101),(379,'Sage-Femme',101),(380,'Technique de Laboratoire',101),(381,'Nutrition Humaine',101),(382,'Pédiatrie',101),(383,'Gestion des Institutions de Santé',101),(384,'Sciences Agronomiques et Veterinaires',102),(385,'Sciences de Développement',102),(386,'Sciences de L\'information et de la Communication',102),(387,'Sciences Juridiques, Politiques et Administratives',102),(388,'Sciences Appliquées',102),(389,'Sciences Juridiques',103),(390,'Sciences Informatiques',103),(391,'Sciences de l\'Education',103),(392,'Psychologie',103),(393,'Droit',103),(394,'Administration et Planification de L\'éducation',103),(395,'Lettres et Sciences Humaines',104),(398,'GAISF',105),(399,'FLA',105),(400,'S.H',105),(401,'GEG',105),(402,'S.AV',105),(403,'ACA',105),(404,'S.I.C',89),(405,'Sces Éduc. et Paix',89),(406,'Sces Agro.',89),(407,'Sces Eco. Et Gest.',89),(408,'Sces Psy et Éduc.',89),(409,'Santé Publique ',89),(410,'Sciences de Lettres, Langues et Arts',107),(411,'Sciences et Technologie',107),(412,'Sciences Economiques et de Gestion',107),(413,'Sciences Psychologique et de l\'Education',107),(414,'Sciences de l\'Homme et de la Société',107),(415,'Sciences Economiques Et De Gestion ',108),(416,'Préparatoire',109),(417,'Bâtiment et Travaux publics',109),(418,'Géomètre Topographe',109),(419,'Archtecture',109),(420,'Théo Prot.',89),(421,'Droit ',91),(422,'Économie ',91),(423,'Agronomie ',91),(424,'S.S.P.A',91),(425,'Santé Publique ',91),(426,'Sces Ingénieur ',91),(427,'Dev. Com et Envi.',91),(428,'Sces Géologie ',91),(429,'Psy. Sces Éduc ',91),(430,'Préparatoire',67),(431,'Mécanique de Production',67),(432,'Electrotechnique',67),(433,'Mécanique de Production',67),(434,'Mécanique Energétique',67),(435,'Mécanique Appliquée',67),(436,'Electronique',67),(437,'Informatique',67),(438,'Construction Mécanique',67),(439,'Maintenance des Matériaux Médicaux',67),(440,'E.A.S.I',60),(441,'Sage-Femme',60),(442,'Pédiatrie',60),(443,'Nutrition',60),(444,'Sciences et Techniques de développement',110),(445,'Sciences commerciales et Financieres',110),(446,'Technique Agricole',111),(447,'Développement Rural',111),(448,'Gestion des Entr. Dev. Rural',111),(449,'Planification Régionale et Nationale',111),(450,'Env. Dév. Durable',111),(451,'FLA',112),(453,'ACA',112),(454,'Histoire Sciences Sociales et Gestion du Patrimoine',112),(455,'Géo. Gest. de l\'environnement',112),(456,'Math-Physique',112),(457,'Gest. Admin. Inst. Scol. et de Formation',112),(458,'sciences de la santé',114),(459,'Sciences Juridiques, Politiques et Administratives ',114),(460,'Sciences Psychologiques et de l’Education',114),(461,'Sciences Agronomiques et Environnement ',114),(462,'Biologie-Chimie',118),(464,'Mathématiques-Physique',118),(465,'Conception des Systèmes Informatiques',118),(466,'Géographie et Gestion de l\'Environnement',118),(467,'Pyrotechnie et Défense des Cultures',118),(468,'Production et Santé Animales',118),(469,'Anglais-Culture Africaine',118),(470,'Français-Langue Africaines',118),(471,'Histoire',118),(472,'Gestion Commerciale et Admnistrative',118),(473,'Gestion et Administration scolaires et de formation',118),(474,'Droit',117),(475,'Sciences Sociales, Politiques et Administratives',117),(476,'Psychologie et Sciences de l\'éducation',117),(477,'Santé publique',117),(478,'Lettres et Sciences Humaines',116),(479,'Sciences d\'Appui à l\'enseignement',116),(480,'Sections Techniques',116),(481,'Sciences Exactes',116),(482,'Sciences et Technologies Industrielles ',115),(483,'Art et Métiers ',115),(484,'Sc. Psychologiques et de l\'éducation',115),(487,'Sciences Economiques et de Gestion',115),(488,'Lettres, Langues et Arts',115),(489,'Sces Gest Com et Adm',119),(493,'Philosophie ',122),(499,'Sces Agro. Et Envi.',127),(500,'Sces Infirmières ',126),(501,'Sage Femme ',126),(503,'Nutri-Diete',126),(504,'Tech Pharma',126),(505,'BioMed',126),(506,'Santé Com.',126),(507,'G.O. Santé ',126),(508,'Sces Technologiques',129),(509,'Info Appli Gest',129),(510,'Polytech',129),(511,'Sces Agro et Env',131),(512,'Sces Eco et Gest',131),(513,'Médecine et Pharma',131),(514,'Psychologie et Sces de l\'edu',131),(515,'Droit ',131),(516,'IBTP',131),(517,'Sciences Agro et Env',132),(518,'Sces Juridique , Pol et Adm',132),(520,'Sces psychologique et edu',132),(521,'Sciences et technologies ',132),(522,'Sciences de la santé ',132),(524,'Sces Eco et gestion ',132),(525,'LETTRES ET SCES HUMAINS',128),(526,'SCIENCES EXACTES ',128),(527,'SCES COM, ADMI ET INFO',128),(528,'Sces Juridique, politique et Adm',133),(529,'Sces Économique et Gest',133),(530,'Sces de la santé ',133),(531,'Sces de l\'homme et de la société',133),(532,'Sces Agro et Env',133),(533,'Gestion Fin et Adm',123),(534,'Gestion RH',123),(535,'Sces-tech de Dev',123),(536,'Sces Eco-Gest',123),(537,'Sces Agro et Env',123),(540,'Sces Hom-Soc',123),(541,'Sces de la santé',123),(542,'FSSAP',136),(543,'Droit',136),(544,'Psycho et SE',136),(545,'Médecine et Santé Publique',136),(546,'Économie et Gestion ',136),(547,'Sces Com-Fin',130),(548,'INFO',130),(549,'FLA',138),(550,'AGROVET',138),(551,'H.S.S.G.P',138),(552,'S.C.A',138),(553,'GAISF',138),(554,'Sciences Infirmières',139),(555,'Sage-Femme',139),(556,'Sciences infirmières',135),(557,'Santé Publique',135),(558,'G.I.S',135),(569,'AGRONOMIE ',141),(570,'DROIT ET CRIMINOLOGIE ',141),(571,'ÉCONOMIE ET GESTION ',141),(572,'MÉDECINE',141),(573,'POLYTECHNIQUE ',141),(574,'ARCHITECTURE ',141),(575,'SCIENCES ',141),(576,'SCIENCES SOCIALES ',141),(578,'AGRO ET BIODIVERSITÉ ',137),(579,'PSYCHOLOGIE ET SCES DE L\'EDU',137),(580,'SCES SOCIALES, ADMI ET POLITIQUES ',137),(581,'SCIENCES ECO ET GEST',137),(582,'DROIT',137),(583,'INFO ET GESTION ',99),(584,'ENTREP ET GESTION PME',99),(585,'DOUANE ET COMMERCE EXT',99),(586,'Gestion RH',99),(587,'MARKETING ET DYNAMIQUE COM',99),(588,'COMPTABILITÉ ET FINANCE',99),(589,'FISCALITÉ ',99),(590,'Sces Commerciale et Finance',140),(591,'INFORMATIQUE ',141),(592,'Communication ',141),(594,'PV',141),(595,'ENVIRONNEMENT ',141),(596,'ST',141),(597,'RTEL',141),(600,'Scies Infirmière et Soins Gen',145),(601,'Sage femme',145),(602,'Pédiatrie ',145),(603,'Tech Lab/ Biologie médicale ',145),(604,'SCES des aliments/ Nutrition et Diététique ',145),(605,'Anesthésiste et Rea',145),(606,'Tech Pharmaceutique ',145),(607,'Santé publique/santé com',145),(608,'Gynéco-obstétrique ',145),(609,'Théologie Ev ',146),(610,'Psychologie et SCES de l\'éducation ',146),(611,'Économie et gestion ',146),(612,'Polytech ',146),(613,'SCES INFORMATIONS et COM',146),(614,'Agronomie ',146),(615,'Vétérinaire ',146),(616,'Environnement ',146),(617,'Environnement et développement communautaire ',146);
/*!40000 ALTER TABLE `faculties` ENABLE KEYS */;
UNLOCK TABLES;

--
-- Table structure for table `functions`
--

DROP TABLE IF EXISTS `functions`;
/*!40101 SET @saved_cs_client     = @@character_set_client */;
/*!50503 SET character_set_client = utf8mb4 */;
CREATE TABLE `functions` (
  `id` int NOT NULL AUTO_INCREMENT,
  `name` varchar(255) COLLATE utf8mb4_general_ci NOT NULL,
  PRIMARY KEY (`id`)
) ENGINE=InnoDB DEFAULT CHARSET=utf8mb4 COLLATE=utf8mb4_general_ci;
/*!40101 SET character_set_client = @saved_cs_client */;

--
-- Dumping data for table `functions`
--

LOCK TABLES `functions` WRITE;
/*!40000 ALTER TABLE `functions` DISABLE KEYS */;
/*!40000 ALTER TABLE `functions` ENABLE KEYS */;
UNLOCK TABLES;

--
-- Table structure for table `grades`
--

DROP TABLE IF EXISTS `grades`;
/*!40101 SET @saved_cs_client     = @@character_set_client */;
/*!50503 SET character_set_client = utf8mb4 */;
CREATE TABLE `grades` (
  `id` int NOT NULL AUTO_INCREMENT,
  `name` varchar(255) COLLATE utf8mb4_general_ci NOT NULL,
  PRIMARY KEY (`id`)
) ENGINE=InnoDB DEFAULT CHARSET=utf8mb4 COLLATE=utf8mb4_general_ci;
/*!40101 SET character_set_client = @saved_cs_client */;

--
-- Dumping data for table `grades`
--

LOCK TABLES `grades` WRITE;
/*!40000 ALTER TABLE `grades` DISABLE KEYS */;
/*!40000 ALTER TABLE `grades` ENABLE KEYS */;
UNLOCK TABLES;

--
-- Table structure for table `institutions`
--

DROP TABLE IF EXISTS `institutions`;
/*!40101 SET @saved_cs_client     = @@character_set_client */;
/*!50503 SET character_set_client = utf8mb4 */;
CREATE TABLE `institutions` (
  `id` int NOT NULL AUTO_INCREMENT,
  `name` varchar(255) COLLATE utf8mb4_general_ci NOT NULL,
  `province_id` int DEFAULT NULL,
  `tel` varchar(2500) COLLATE utf8mb4_general_ci NOT NULL,
  `logoUrl` varchar(2500) COLLATE utf8mb4_general_ci NOT NULL,
  PRIMARY KEY (`id`),
  KEY `province_id` (`province_id`),
  CONSTRAINT `institutions_ibfk_1` FOREIGN KEY (`province_id`) REFERENCES `provinces` (`id`)
) ENGINE=InnoDB AUTO_INCREMENT=147 DEFAULT CHARSET=utf8mb4 COLLATE=utf8mb4_general_ci;
/*!40101 SET character_set_client = @saved_cs_client */;

--
-- Dumping data for table `institutions`
--

LOCK TABLES `institutions` WRITE;
/*!40000 ALTER TABLE `institutions` DISABLE KEYS */;
INSERT INTO `institutions` VALUES (1,'ISTM-Kinshasa',1,'00','/assets/img/logo/65f50eba82416.png'),(2,'UNIKIS',2,'000','/assets/img/logo/65f50f5f3b122.png'),(3,'ISP-KISANGANI',2,'0000','/assets/img/logo/65f51094695e6.png'),(5,'ISC-KISANGANI',2,'00000','/assets/img/logo/65f5115f7e750.png'),(6,'ISP-TSHIKAPA',3,'00001','/assets/img/logo/65f82abe1aae8.png'),(7,'PHILOSOPHAT SAINT AUGUSTIN/KISANGANI',2,'00002','/assets/img/logo/65f82b9651b93.png'),(8,'ISC-TSHIKAPA',3,'00003','/assets/img/logo/65f94cab30faa.png'),(9,'ISTM-TSHIKAPA',3,'00004','/assets/img/logo/65f94e9293c16.png'),(10,'U.M.C-KISANGANI',2,'00005','/assets/img/logo/65f95dbce9314.png'),(11,'IFA-YANGAMBI',2,'00006','/assets/img/logo/65f96238c8e69.png'),(12,'ISTM KISANGANI',2,'0823548544','/assets/img/logo/65fa8dfa440e3.png'),(13,'IBTP KISANGANI ',2,'00008','/assets/img/logo/65facee4cd771.png'),(14,'ISEA YATOLEMA',2,'00000','/assets/img/logo/65fae49ed65d2.png'),(16,'ISTM.CEPROMADE-KIS',2,'0000088','/assets/img/logo/65fbeaa06aa77.png'),(17,'UNIC-KISANGANI ',2,'08484','/assets/img/logo/65fbeae03ef67.png'),(18,'U.C.KIS',2,'000000','/assets/img/logo/65fbfd787a8e2.png'),(19,'ISP-YAMBULA',2,'0828723079','/assets/img/logo/66015dfb99f64.png'),(20,'ISPT – YAHUMA',2,'0817539625','/assets/img/logo/66016eaf05253.png'),(21,'ISEA-BENGAMISA',2,'111111','/assets/img/logo/66017612a8faa.png'),(22,'PHILOSOPHAT EDITH ST.',2,'11111111','/assets/img/logo/66026b9fcb894.png'),(23,'ISP-OPALA',2,'111111111','/assets/img/logo/66028d88d858b.png'),(24,'ISP-ISANGI',2,'1111111111111','/assets/img/logo/6603e1084d7b3.png'),(26,'ISP UBUNDU',2,'1111111111111','/assets/img/logo/660621509f5e5.png'),(29,'ISTM-YANGAMBI',2,'233333333333','/assets/img/logo/660a9e57bc4cb.png'),(30,'U.S.B',4,'000000000','/assets/img/logo/660cec73c4bda.png'),(31,'ISTM/BUNIA',4,'0000000','/assets/img/logo/660cecd616d5a.png'),(32,'ISDR-BUNIA',4,'22222222245','/assets/img/logo/660ced1d2419c.png'),(33,'ISC-BUNIA',4,'0000000','/assets/img/logo/660ced612ae7b.png'),(34,'ISPT/CECA 20/RETHY',4,'000000','/assets/img/logo/660cedf0c5453.png'),(35,'IBTP-BIA',4,'00000000','/assets/img/logo/660cee2da7928.png'),(36,'ISEAV / ARU',4,'000000000','/assets/img/logo/660cee85942d6.png'),(37,'U.A.C',4,'00000000','/assets/img/logo/660ceed02b786.png'),(38,'ISSIGE/ BUNIA',4,'000000000','/assets/img/logo/660cef24c1a00.png'),(41,'ISTM NYANKUNDE',4,'000000','/assets/img/logo/660d47e4762ef.png'),(42,'UNIBU',4,'0000000','/assets/img/logo/660d4d453580b.png'),(43,'UNIC BUNIA',4,'000000','/assets/img/logo/660d4dee15bbe.png'),(44,'ISP BUNIA',4,'5555555555555','/assets/img/logo/660d7f0e07a1b.png'),(45,'U.E.P.I',4,'00000000','/assets/img/logo/660eab80922e0.png'),(46,'ISP GETY',4,'0000000','/assets/img/logo/660eadb6274b1.png'),(47,'ISP MAHAGI',4,'000000000','/assets/img/logo/66122e6429dd7.png'),(48,'ISC ARIWARA',4,'00000000','/assets/img/logo/66125846c25c6.png'),(49,'UPKAN',5,'0000000','/assets/img/logo/6615952e92c12.png'),(50,'U.KA.',5,'00000000','/assets/img/logo/661595896fce0.png'),(51,'ISP-OICHA',6,'00000000','/assets/img/logo/6617758f25832.png'),(52,'ISP-MUHANGI',6,'0000000','/assets/img/logo/6617e8d8576c9.png'),(53,'MALIKIAH UNIVERSITY',2,'0842218510','/assets/img/logo/661944c7308a5.png'),(54,'UNILO',7,'22222222223','/assets/img/logo/661a2ede6594a.png'),(55,'ISTM/KABINDA',7,'4471649164','/assets/img/logo/661a2f97812d7.png'),(56,'ISP/KABINDA ',7,'2222222222221','/assets/img/logo/661a30be54644.png'),(57,'ISc-LOMAMI',7,'333333444546','/assets/img/logo/661a311add214.png'),(58,'ISTM-TSHOFA',7,'3333333333333','/assets/img/logo/661a31abc04c6.png'),(59,'ISDR-LUBAO',7,'7374731111111','/assets/img/logo/661a322fdb3aa.png'),(60,'ISTM-LUBAO',7,'9383377373111','/assets/img/logo/661a354ad6ec6.png'),(61,'ISP/MPENGYE',7,'2222222222333','/assets/img/logo/661a36381c9b3.png'),(62,'ISP/CECA20 BUNIA',4,'00000','/assets/img/logo/661cfcc9ce777.png'),(63,'ISEA-BASOKO',2,'737373737','/assets/img/logo/661e4d86b1470.png'),(64,'ISP/ADI',4,'000000','/assets/img/logo/661e902dd0635.png'),(65,'I.S.D.R BOSONDJO',8,'0897608978','/assets/img/logo/6620f2358a65d.png'),(66,'UNILIS',8,'0791347865','/assets/img/logo/6620fb2cdf895.png'),(67,'I.S.T.A- EBONDA',8,'0897895467','/assets/img/logo/662145184f8e0.png'),(68,'I.S.C.G- BUMBA',8,'0899807654','/assets/img/logo/662145ecb30ce.png'),(69,'I.S.T.M- BUMBA',8,'0858784312','/assets/img/logo/662146fad48bd.png'),(70,'I.S.E.A- LOEKA',8,'098605423','/assets/img/logo/662147ba3a188.png'),(71,'ISP BÉNI',6,'000000','/assets/img/logo/662241bcd515f.png'),(72,'I.S.P WATSA',8,'0897809876','/assets/img/logo/6622877c7f2b9.png'),(73,'I.S.D.R FARADJE',8,'0825608765','/assets/img/logo/66237a962faa0.png'),(74,'I.S.K.P.T- LISALA',8,'0815607832','/assets/img/logo/6624bd1c3d336.png'),(75,'I.G-E.S.U ANTENNE DE LA TSHOPO',2,'0811545493','/assets/img/logo/6627c02d05fce.png'),(76,'I.S.A.M- BUMBA',8,'0892905294','/assets/img/logo/6627c90f3adb4.png'),(77,'U. L. B',2,'0897805432','/assets/img/logo/6627f1ef9fdda.png'),(78,'I.S.T.M/BGDG',8,'0827608145','/assets/img/logo/6627f6fcbd9f1.png'),(79,'I.S.P LISALA',8,'0998670460','/assets/img/logo/6627fefcf00e0.png'),(80,'I.S.T BUMBA',8,'0898907651','/assets/img/logo/6628013493d7f.png'),(81,'ISTM-BASOKO',2,'256485767878','/assets/img/logo/ISEAB.jpg'),(82,'ISEA MONDONGO',2,'0899807068','/assets/img/logo/662bc60979127.png'),(83,'IST/Mgr NKINGA',2,'0818907656','/assets/img/logo/662bc88d27d1f.png'),(84,'I.S.T.M DE PINO',8,'0817603059','/assets/img/logo/662be18f80668.png'),(85,'U.O.YA',2,'0867895432','/assets/img/logo/662c041489a54.png'),(86,'I.S.P BUMBA',8,'0897805043','/assets/img/logo/662e800688637.png'),(87,'I.S.P BOSO DUA',8,'0836708543','/assets/img/logo/6630032dd8107.png'),(88,'I.S.D.R BUMBA',8,'0826702304','/assets/img/logo/6633abcd19cb7.png'),(89,'C.U.P',9,'0000000','/assets/img/logo/6638956ba9e28.png'),(90,'ISPT BUMBA',8,'000000','/assets/img/logo/6638ce431a765.png'),(91,'U.B',9,'000000','/assets/img/logo/6639326505a19.png'),(93,'C.I.D.E.P. TSHIKAPA ',3,'00000','/assets/img/logo/66395015566f5.png'),(94,'ISKTM-LISALA',8,'0814708932','/assets/img/logo/663961c2c198c.png'),(95,'ISAM TSHIKAPA ',3,'000000','/assets/img/logo/6639c8f586573.png'),(96,'ISP KAMUESHA',3,'000000','/assets/img/logo/6639e57d49f7c.png'),(97,'ISP KITANGWA ',3,'000000000','/assets/img/logo/663a4d89ae376.png'),(99,'ISPF BUKAVU ',9,'00000000','/assets/img/logo/663d161407adf.png'),(100,'I.S.P-BINGA',8,'0168786784587','/assets/img/logo/664199f49697b.png'),(101,'ISTM-MONGALA',8,'16574974164','/assets/img/logo/66419b0e021da.png'),(102,'UTB',8,'524667421654','/assets/img/logo/6641a1848b954.png'),(103,'UIB',8,'9852197417845','/assets/img/logo/6641a3411122b.png'),(104,'ISP-LOKOLE',8,'98523515121','/assets/img/logo/6641aab04b448.png'),(105,'ISP-UMANGI/LISALA',8,'9844510145152','/assets/img/logo/6641ac557080d.png'),(106,'ISTM-YANDONGI',8,'9878542544210','/assets/img/logo/6642ad1a5bc28.png'),(107,'ISP TERESITA/LISALA',8,'902563258741','/assets/img/modeleCarte/kc/etudiant/6643ff0d5dc54.png'),(108,'ISC/BUMBA',8,'989724652956','/assets/img/logo/664388439561b.png'),(109,'I.B.T.P.M-LISALA',8,'985455465445','/assets/img/logo/664389be0888d.png'),(110,'ISM-BUKAVU',9,'75949484844','/assets/img/logo/6649c99357adc.png'),(111,'ISEAV-L',7,'965211100','/assets/img/logo/664bbe261b974.png'),(112,'ISP-MILEMBWE',7,'74145222','/assets/img/logo/664bc776b51d0.png'),(114,'UDLK/LUBAO',7,'895276555','/assets/img/logo/664c8c503a4e7.png'),(115,'ISPT/KABINDA',7,'756891254','/assets/img/logo/664c8d394fabb.png'),(116,'ISP/SHOFA',7,'52622','/assets/img/logo/664c8e5c7ee2d.png'),(117,'UNIKAB',7,'99985674','/assets/img/logo/664c8f00b8420.png'),(118,'ISP/KAMANA',7,'8885321654','/assets/img/logo/664c90d4729d4.png'),(119,'ISC BUKAVU',9,'00000000','/assets/img/logo/6655f9b95fc06.png'),(122,'P.I.B Bukavu',9,'00000000','/assets/img/logo/66573ffa6bfa1.png'),(123,'ISPDE BUKAVU',9,'0000000','/assets/img/logo/665858b54df28.png'),(124,'U.O.B ',9,'0000000','/assets/img/logo/665d6c127ab12.png'),(125,'ISTM BUKAVU',9,'0000000','/assets/img/logo/665d6ca1eea4b.png'),(126,'ISTM UVIRA',9,'000000000','/assets/img/logo/665e9bc0a1dab.png'),(127,'ISDR UVIRA',9,'00000000','/assets/img/logo/665e9d3b239f9.png'),(128,'ISP UVIRA',9,'000000000','/assets/img/logo/665f09ed5fca9.png'),(129,'UTC UVIRA',9,'0000000000','/assets/img/logo/665f0ad3855fa.png'),(130,'ISC UVIRA',9,'00000000','/assets/img/logo/665f0f9b36eb9.png'),(131,'UOU',9,'0000000','/assets/img/logo/665f103e81e9b.png'),(132,'U.N.D.T',9,'00000000','/assets/img/logo/665f3cd3294a8.png'),(133,'UNP',9,'0000','/assets/img/logo/666165d8cc115.png'),(135,'ISTMK/Bukavu',9,'0000000','/assets/img/logo/6666cc53ab801.png'),(136,'USK BUKAVU',9,'00000000','/assets/img/logo/6666cee2c5fcf.png'),(137,'U.L.M.',9,'000000000','/assets/img/logo/6666e9413046e.png'),(138,'ISP UPOTO BINGA',8,'86472749403','/assets/img/logo/6674bdbf06d25.png'),(139,'ISTM-LOKOLE',8,'3983498938443','/assets/img/logo/6674c8e41ee96.png'),(140,'ISECOF',9,'0000','/assets/img/logo/6676860d7be8e.png'),(141,'UCB',9,'0000','/assets/img/logo/667c6e4584ffe.png'),(142,'ULPGL',9,'0000','/assets/img/logo/6687c41aba195.png'),(145,'ISTMA',9,'00000','/assets/img/logo/669a38cbda7c5.png'),(146,'UNAB',9,'00000','/assets/img/logo/669a38f826483.png');
/*!40000 ALTER TABLE `institutions` ENABLE KEYS */;
UNLOCK TABLES;

--
-- Table structure for table `provinces`
--

DROP TABLE IF EXISTS `provinces`;
/*!40101 SET @saved_cs_client     = @@character_set_client */;
/*!50503 SET character_set_client = utf8mb4 */;
CREATE TABLE `provinces` (
  `id` int NOT NULL AUTO_INCREMENT,
  `name` varchar(255) COLLATE utf8mb4_general_ci NOT NULL,
  PRIMARY KEY (`id`)
) ENGINE=InnoDB AUTO_INCREMENT=10 DEFAULT CHARSET=utf8mb4 COLLATE=utf8mb4_general_ci;
/*!40101 SET character_set_client = @saved_cs_client */;

--
-- Dumping data for table `provinces`
--

LOCK TABLES `provinces` WRITE;
/*!40000 ALTER TABLE `provinces` DISABLE KEYS */;
INSERT INTO `provinces` VALUES (1,'Kinshasa'),(2,'Tshopo'),(3,'Kasaï'),(4,'ITURI'),(5,'Kasaï Central'),(6,'Nord-Kivu'),(7,'Lomami'),(8,'Mongala'),(9,'Sud Kivu');
/*!40000 ALTER TABLE `provinces` ENABLE KEYS */;
UNLOCK TABLES;

--
-- Table structure for table `students`
--

DROP TABLE IF EXISTS `students`;
/*!40101 SET @saved_cs_client     = @@character_set_client */;
/*!50503 SET character_set_client = utf8mb4 */;
CREATE TABLE `students` (
  `id` int NOT NULL AUTO_INCREMENT,
  `matricule` varchar(255) COLLATE utf8mb4_general_ci NOT NULL,
  `lieu_de_naissance` varchar(255) COLLATE utf8mb4_general_ci DEFAULT NULL,
  `post_nom` varchar(255) COLLATE utf8mb4_general_ci DEFAULT NULL,
  `nom` varchar(255) COLLATE utf8mb4_general_ci NOT NULL,
  `telephone` varchar(20) COLLATE utf8mb4_general_ci DEFAULT NULL,
  `date_de_naissance` date DEFAULT NULL,
  `nationalite` varchar(255) COLLATE utf8mb4_general_ci DEFAULT NULL,
  `departement` varchar(255) COLLATE utf8mb4_general_ci DEFAULT NULL,
  `prenom` varchar(255) COLLATE utf8mb4_general_ci DEFAULT NULL,
  `sexe` enum('Male','Female') COLLATE utf8mb4_general_ci DEFAULT NULL,
  `adresse_physique` varchar(255) COLLATE utf8mb4_general_ci DEFAULT NULL,
  `etat_civil` varchar(255) COLLATE utf8mb4_general_ci DEFAULT NULL,
  `faculte` varchar(255) COLLATE utf8mb4_general_ci DEFAULT NULL,
  `province_origine` varchar(255) COLLATE utf8mb4_general_ci DEFAULT NULL,
  `promotion_year` year DEFAULT NULL,
  `created_at` timestamp NOT NULL DEFAULT CURRENT_TIMESTAMP,
  PRIMARY KEY (`id`),
  UNIQUE KEY `matricule` (`matricule`)
) ENGINE=InnoDB DEFAULT CHARSET=utf8mb4 COLLATE=utf8mb4_general_ci;
/*!40101 SET character_set_client = @saved_cs_client */;

--
-- Dumping data for table `students`
--

LOCK TABLES `students` WRITE;
/*!40000 ALTER TABLE `students` DISABLE KEYS */;
/*!40000 ALTER TABLE `students` ENABLE KEYS */;
UNLOCK TABLES;

--
-- Table structure for table `users`
--

DROP TABLE IF EXISTS `users`;
/*!40101 SET @saved_cs_client     = @@character_set_client */;
/*!50503 SET character_set_client = utf8mb4 */;
CREATE TABLE `users` (
  `id` int NOT NULL AUTO_INCREMENT,
  `name` varchar(255) COLLATE utf8mb4_general_ci NOT NULL,
  `email` varchar(255) COLLATE utf8mb4_general_ci NOT NULL,
  `password` varchar(255) COLLATE utf8mb4_general_ci NOT NULL,
  `role` enum('super-admin','admin','teacher','agent') COLLATE utf8mb4_general_ci NOT NULL,
  `province_id` int DEFAULT NULL,
  `institution_id` int DEFAULT NULL,
  `faculty_id` int DEFAULT NULL,
  `department_id` int DEFAULT NULL,
  `created_at` timestamp NOT NULL DEFAULT CURRENT_TIMESTAMP,
  PRIMARY KEY (`id`),
  UNIQUE KEY `email` (`email`),
  KEY `province_id` (`province_id`),
  KEY `institution_id` (`institution_id`),
  KEY `faculty_id` (`faculty_id`),
  KEY `department_id` (`department_id`),
  CONSTRAINT `users_ibfk_1` FOREIGN KEY (`province_id`) REFERENCES `provinces` (`id`),
  CONSTRAINT `users_ibfk_2` FOREIGN KEY (`institution_id`) REFERENCES `institutions` (`id`),
  CONSTRAINT `users_ibfk_3` FOREIGN KEY (`faculty_id`) REFERENCES `faculties` (`id`),
  CONSTRAINT `users_ibfk_4` FOREIGN KEY (`department_id`) REFERENCES `departments` (`id`)
) ENGINE=InnoDB DEFAULT CHARSET=utf8mb4 COLLATE=utf8mb4_general_ci;
/*!40101 SET character_set_client = @saved_cs_client */;

--
-- Dumping data for table `users`
--

LOCK TABLES `users` WRITE;
/*!40000 ALTER TABLE `users` DISABLE KEYS */;
/*!40000 ALTER TABLE `users` ENABLE KEYS */;
UNLOCK TABLES;
/*!40103 SET TIME_ZONE=@OLD_TIME_ZONE */;

/*!40101 SET SQL_MODE=@OLD_SQL_MODE */;
/*!40014 SET FOREIGN_KEY_CHECKS=@OLD_FOREIGN_KEY_CHECKS */;
/*!40014 SET UNIQUE_CHECKS=@OLD_UNIQUE_CHECKS */;
/*!40101 SET CHARACTER_SET_CLIENT=@OLD_CHARACTER_SET_CLIENT */;
/*!40101 SET CHARACTER_SET_RESULTS=@OLD_CHARACTER_SET_RESULTS */;
/*!40101 SET COLLATION_CONNECTION=@OLD_COLLATION_CONNECTION */;
/*!40111 SET SQL_NOTES=@OLD_SQL_NOTES */;

-- Dump completed on 2024-08-12 15:27:59
